Gender,Married,Education,Self_Employed,ApplicantIncome,LoanAmount,Loan_Amount_Term,Credit_History,Loan_Status,TotalIncome,LoanAmount/TotalIncome,Graduate&Self_Employed,TotalIncome_log,PA_Rural,PA_Urban,Dependents_num
0.0,0.0,1.0,0.0,5849,146.41216216216216,360.0,1.0,1.0,5849.0,0.02503199900190839,0.0,8.674025985443025,0,1,0.0
0.0,1.0,1.0,0.0,4583,128.0,360.0,1.0,1.0,6091.0,0.0210146117222131,0.0,8.714567550836485,1,0,1.0
0.0,1.0,1.0,1.0,3000,66.0,360.0,1.0,1.0,3000.0,0.022,1.0,8.006367567650246,0,1,0.0
0.0,1.0,0.0,0.0,2583,120.0,360.0,1.0,1.0,4941.0,0.024286581663630843,0.0,8.50532301884575,0,1,0.0
0.0,0.0,1.0,0.0,6000,141.0,360.0,1.0,1.0,6000.0,0.0235,0.0,8.699514748210191,0,1,0.0
0.0,1.0,1.0,1.0,5417,267.0,360.0,1.0,1.0,9613.0,0.027774888172266723,1.0,9.170871628065816,0,1,2.0
0.0,1.0,0.0,0.0,2333,95.0,360.0,1.0,1.0,3849.0,0.024681735515718367,0.0,8.255568653283746,0,1,0.0
0.0,1.0,1.0,0.0,3036,158.0,360.0,0.0,0.0,5540.0,0.02851985559566787,0.0,8.61974977974133,0,0,3.2
0.0,1.0,1.0,0.0,4006,168.0,360.0,1.0,1.0,5532.0,0.03036876355748373,0.0,8.61830469278465,0,1,2.0
0.0,1.0,1.0,0.0,12841,349.0,360.0,1.0,1.0,23809.0,0.014658322483094628,0.0,10.077818939438902,0,0,1.0
0.0,1.0,1.0,0.0,3200,70.0,360.0,1.0,1.0,3900.0,0.017948717948717947,0.0,8.268731832117737,0,1,2.0
0.0,1.0,1.0,0.0,2500,109.0,360.0,1.0,1.0,4340.0,0.02511520737327189,0.0,8.375629627094451,0,1,2.0
0.0,1.0,1.0,0.0,3073,200.0,360.0,1.0,1.0,11179.0,0.01789068789694964,0.0,9.321792297270326,0,1,2.0
0.0,0.0,1.0,0.0,1853,114.0,360.0,1.0,1.0,4693.0,0.024291497975708502,0.0,8.453827315794417,1,0,0.0
0.0,1.0,1.0,0.0,1299,17.0,120.0,1.0,1.0,2385.0,0.007127882599580713,0.0,7.776954403322442,0,1,2.0
0.0,0.0,1.0,0.0,4950,125.0,360.0,1.0,1.0,4950.0,0.025252525252525252,0.0,8.507142855562735,0,1,0.0
0.0,0.0,0.0,0.0,3596,100.0,240.0,1.0,0.0,3596.0,0.027808676307007785,0.0,8.18757739559151,0,1,1.0
1.0,0.0,1.0,0.0,3510,76.0,360.0,0.0,0.0,3510.0,0.021652421652421653,0.0,8.163371316459912,0,1,0.0
0.0,1.0,0.0,0.0,4887,133.0,360.0,1.0,0.0,4887.0,0.027215060364231634,0.0,8.494333897270154,1,0,0.0
0.0,1.0,1.0,0.0,2600,115.0,342.0,1.0,1.0,6100.0,0.018852459016393444,0.0,8.716044050161402,0,1,0.0
0.0,1.0,0.0,0.0,7660,104.0,360.0,0.0,1.0,7660.0,0.013577023498694517,0.0,8.943767262734637,0,1,0.0
0.0,1.0,1.0,0.0,5955,315.0,360.0,1.0,1.0,11580.0,0.027202072538860103,0.0,9.357034751126987,0,1,1.0
0.0,1.0,0.0,0.0,2600,116.0,360.0,0.0,0.0,4511.0,0.025714919086677012,0.0,8.414274137408396,0,0,0.0
0.0,1.0,0.0,0.0,3365,112.0,360.0,0.0,1.0,5282.0,0.021204089360090876,0.0,8.572060092857077,1,0,2.0
0.0,1.0,1.0,0.0,3717,151.0,360.0,1.0,1.0,6642.0,0.02273411623005119,0.0,8.801168401936692,0,0,1.0
0.0,1.0,1.0,1.0,9560,191.0,360.0,1.0,1.0,9560.0,0.01997907949790795,1.0,9.165343006045447,0,0,0.0
0.0,1.0,1.0,0.0,2799,122.0,360.0,1.0,1.0,5052.0,0.02414885193982581,0.0,8.527539483470381,0,0,0.0
0.0,1.0,0.0,0.0,4226,110.0,360.0,1.0,1.0,5266.0,0.020888720091150777,0.0,8.569026340056254,0,1,2.0
0.0,0.0,0.0,0.0,1442,35.0,360.0,1.0,0.0,1442.0,0.024271844660194174,0.0,7.273786317844895,0,1,0.0
1.0,0.0,1.0,0.0,3750,120.0,360.0,1.0,1.0,5833.0,0.020572604148808505,0.0,8.671286726753637,0,0,2.0
0.0,1.0,1.0,0.0,4166,201.0,360.0,1.0,1.0,7535.0,0.026675514266755143,0.0,8.927314111060596,0,1,1.0
0.0,0.0,1.0,0.0,3167,74.0,360.0,1.0,1.0,3167.0,0.023365961477739186,0.0,8.06054004653864,0,1,0.0
0.0,0.0,1.0,1.0,4692,106.0,360.0,1.0,1.0,4692.0,0.022591645353793693,1.0,8.453614209773367,1,0,1.0
0.0,1.0,1.0,0.0,3500,114.0,360.0,1.0,1.0,5167.0,0.022063092703696534,0.0,8.550047528287184,0,0,0.0
0.0,0.0,1.0,0.0,12500,320.0,360.0,1.0,1.0,15500.0,0.02064516129032258,0.0,9.648595302907339,1,0,3.2
0.0,1.0,1.0,0.0,2275,146.41216216216216,360.0,1.0,0.0,4342.0,0.033719982073275485,0.0,8.376090350438238,0,1,0.0
0.0,1.0,1.0,0.0,1828,100.0,342.0,0.0,0.0,3158.0,0.031665611146295125,0.0,8.057694194815587,0,1,0.0
1.0,1.0,1.0,0.0,3667,144.0,360.0,1.0,1.0,5126.0,0.02809207959422552,0.0,8.542080906924017,0,0,0.0
0.0,0.0,1.0,0.0,4166,184.0,360.0,1.0,1.0,11376.0,0.01617440225035162,0.0,9.339261152043022,0,1,0.0
0.0,0.0,0.0,0.0,3748,110.0,360.0,1.0,1.0,5416.0,0.02031019202363368,0.0,8.59711281459211,0,0,0.0
0.0,0.0,1.0,0.0,3600,80.0,360.0,1.0,1.0,3600.0,0.022222222222222223,0.0,8.1886891244442,0,1,0.0
0.0,0.0,1.0,0.0,1800,47.0,360.0,1.0,1.0,3013.0,0.015599070693660804,0.0,8.0106915391303,0,1,0.0
0.0,1.0,1.0,0.0,2400,75.0,360.0,1.0,0.0,2400.0,0.03125,0.0,7.783224016336037,0,1,0.0
0.0,1.0,1.0,0.0,3941,134.0,360.0,1.0,1.0,6277.0,0.021347777600764697,0.0,8.744647438317532,0,0,0.0
0.0,1.0,0.0,1.0,4695,96.0,342.0,1.0,1.0,4695.0,0.020447284345047924,0.0,8.454253391642363,0,1,0.0
1.0,0.0,1.0,0.0,3410,88.0,342.0,1.0,0.0,3410.0,0.025806451612903226,0.0,8.134467570277563,0,1,0.0
0.0,1.0,1.0,0.0,5649,44.0,360.0,1.0,1.0,5649.0,0.007788989201628607,0.0,8.639233817325263,0,1,1.0
0.0,1.0,1.0,0.0,5821,144.0,360.0,1.0,1.0,5821.0,0.02473801752276241,0.0,8.669227347271736,0,1,0.0
1.0,1.0,1.0,0.0,2645,120.0,360.0,0.0,1.0,6085.0,0.01972062448644207,0.0,8.713582005421628,0,1,0.0
1.0,0.0,1.0,0.0,4000,144.0,360.0,1.0,1.0,6275.0,0.022948207171314742,0.0,8.744328763999984,0,0,0.0
1.0,1.0,0.0,0.0,1928,100.0,360.0,1.0,0.0,3572.0,0.027995520716685332,0.0,8.18088094199639,0,0,0.0
1.0,0.0,1.0,0.0,3086,120.0,360.0,1.0,0.0,3086.0,0.03888528839922229,0.0,8.034631032923107,0,0,0.0
1.0,0.0,1.0,0.0,4230,112.0,360.0,1.0,1.0,4230.0,0.026477541371158392,0.0,8.349957272040324,0,0,0.0
0.0,1.0,1.0,0.0,4616,134.0,360.0,1.0,1.0,4616.0,0.02902946273830156,0.0,8.437283808187935,0,1,2.0
1.0,1.0,1.0,1.0,11500,286.0,360.0,0.0,1.0,11500.0,0.024869565217391306,1.0,9.350102314351341,0,1,1.0
0.0,1.0,1.0,0.0,2708,97.0,360.0,1.0,1.0,3875.0,0.02503225806451613,0.0,8.262300941787448,0,0,2.0
0.0,1.0,1.0,0.0,2132,96.0,360.0,1.0,0.0,3723.0,0.0257856567284448,0.0,8.222285073872717,0,0,0.0
0.0,1.0,1.0,0.0,3366,135.0,360.0,1.0,1.0,5566.0,0.024254401724757457,0.0,8.624431942085836,1,0,0.0
0.0,1.0,1.0,0.0,8080,180.0,360.0,1.0,1.0,10330.0,0.017424975798644726,0.0,9.242807562113684,0,1,1.0
0.0,1.0,0.0,0.0,3357,144.0,360.0,1.0,1.0,6216.0,0.023166023166023165,0.0,8.734881892047483,0,1,2.0
0.0,1.0,1.0,0.0,2500,120.0,360.0,1.0,1.0,6296.0,0.01905972045743329,0.0,8.74766979009724,0,1,0.0
0.0,1.0,1.0,0.0,3029,99.0,360.0,1.0,0.0,3029.0,0.03268405414328161,0.0,8.015987811027237,0,1,3.2
0.0,1.0,0.0,1.0,2609,165.0,180.0,0.0,0.0,6058.0,0.02723671178606801,0.0,8.709134991587183,1,0,0.0
0.0,1.0,1.0,0.0,4945,146.41216216216216,360.0,0.0,0.0,4945.0,0.029608121771923592,0.0,8.506132244056813,1,0,1.0
1.0,0.0,1.0,0.0,4166,116.0,360.0,0.0,0.0,4166.0,0.02784445511281805,0.0,8.334711621820917,0,0,0.0
0.0,1.0,1.0,0.0,5726,258.0,360.0,1.0,1.0,10321.0,0.024997577754093597,0.0,9.241935933565934,0,0,0.0
0.0,0.0,0.0,0.0,3200,126.0,180.0,0.0,0.0,5454.0,0.0231023102310231,0.0,8.604104563405533,0,1,0.0
0.0,1.0,1.0,0.0,10750,312.0,360.0,1.0,1.0,10750.0,0.02902325581395349,0.0,9.28266103355581,0,1,1.0
0.0,1.0,0.0,1.0,7100,125.0,60.0,1.0,1.0,7100.0,0.017605633802816902,0.0,8.867850063029406,0,1,3.2
1.0,0.0,1.0,0.0,4300,136.0,360.0,0.0,0.0,4300.0,0.03162790697674418,0.0,8.366370301681654,0,0,0.0
0.0,1.0,1.0,0.0,3208,172.0,360.0,1.0,1.0,6274.0,0.027414727446605038,0.0,8.744169388750624,0,1,0.0
0.0,1.0,0.0,1.0,1875,97.0,360.0,1.0,0.0,3750.0,0.025866666666666666,0.0,8.229511118964457,0,0,2.0
0.0,0.0,1.0,0.0,3500,81.0,300.0,1.0,1.0,3500.0,0.023142857142857142,0.0,8.160518247477505,0,0,0.0
0.0,1.0,0.0,0.0,4755,95.0,342.0,0.0,0.0,4755.0,0.019978969505783387,0.0,8.46695197497949,0,0,3.2
0.0,1.0,1.0,1.0,5266,187.0,360.0,1.0,1.0,7040.0,0.0265625,1.0,8.859363449152088,0,0,3.2
0.0,0.0,1.0,0.0,3750,113.0,480.0,1.0,1.0,3750.0,0.030133333333333335,0.0,8.229511118964457,0,1,0.0
0.0,0.0,1.0,0.0,3750,176.0,360.0,1.0,1.0,8500.0,0.020705882352941178,0.0,9.047821442478408,0,1,0.0
0.0,1.0,1.0,1.0,1000,110.0,360.0,1.0,0.0,4022.0,0.02734957732471407,1.0,8.299534570332597,0,1,1.0
0.0,1.0,1.0,0.0,3167,180.0,300.0,0.0,1.0,7167.0,0.025115110925073254,0.0,8.877242435993919,0,0,3.2
0.0,1.0,0.0,1.0,3333,130.0,360.0,1.0,1.0,5499.0,0.02364066193853428,0.0,8.612321536507814,0,0,3.2
1.0,0.0,1.0,0.0,3846,111.0,360.0,1.0,0.0,3846.0,0.028861154446177848,0.0,8.254788926148725,0,0,0.0
0.0,1.0,1.0,1.0,2395,146.41216216216216,360.0,1.0,0.0,2395.0,0.06113242679004683,1.0,7.781138509845015,0,0,1.0
1.0,1.0,1.0,0.0,1378,167.0,360.0,1.0,0.0,3259.0,0.0512427124884934,0.0,8.089175678837561,0,1,2.0
0.0,1.0,1.0,0.0,6000,265.0,360.0,1.0,1.0,8250.0,0.03212121212121212,0.0,9.017968479328726,0,0,0.0
0.0,1.0,1.0,0.0,3988,50.0,240.0,1.0,1.0,3988.0,0.012537612838515547,0.0,8.291045131081729,0,1,1.0
0.0,0.0,1.0,0.0,2366,136.0,360.0,1.0,1.0,4897.0,0.027772105370635083,0.0,8.496378051702317,0,0,0.0
0.0,1.0,0.0,0.0,3333,99.0,360.0,1.0,1.0,5333.0,0.0185636602287643,0.0,8.581669210600602,0,0,2.0
0.0,1.0,1.0,0.0,2500,104.0,360.0,1.0,1.0,4618.0,0.02252057167605024,0.0,8.43771698991444,0,0,0.0
0.0,0.0,1.0,0.0,8566,210.0,360.0,1.0,1.0,8566.0,0.02451552650011674,0.0,9.055556158175316,0,1,0.0
0.0,1.0,1.0,0.0,5695,175.0,360.0,1.0,1.0,9862.0,0.017744879334820524,0.0,9.196444266784072,0,0,0.0
0.0,1.0,1.0,0.0,2958,131.0,360.0,1.0,1.0,5858.0,0.022362581085694777,0.0,8.675563527387679,0,0,0.0
0.0,1.0,1.0,0.0,6250,188.0,180.0,1.0,1.0,11904.0,0.015793010752688172,0.0,9.384629757072872,0,0,2.0
0.0,1.0,0.0,0.0,3273,81.0,360.0,1.0,1.0,5093.0,0.015904182210877676,0.0,8.535622326884605,0,1,2.0
0.0,0.0,1.0,0.0,4133,122.0,360.0,1.0,0.0,4133.0,0.029518509557222357,0.0,8.326758814511733,0,0,0.0
0.0,0.0,0.0,0.0,3620,25.0,120.0,1.0,1.0,3620.0,0.006906077348066298,0.0,8.194229304819817,0,0,0.0
0.0,0.0,1.0,0.0,6782,146.41216216216216,360.0,1.0,1.0,6782.0,0.021588345939569768,0.0,8.822027322685583,0,1,0.0
1.0,1.0,1.0,0.0,2484,137.0,360.0,1.0,1.0,4786.0,0.028625156707062265,0.0,8.47345026846832,0,0,0.0
0.0,1.0,1.0,0.0,1977,50.0,360.0,1.0,1.0,2974.0,0.016812373907195696,0.0,7.9976631270201,0,0,0.0
0.0,1.0,0.0,0.0,4188,115.0,180.0,1.0,0.0,4188.0,0.027459407831900668,0.0,8.339978571990427,0,0,0.0
0.0,1.0,1.0,0.0,1759,131.0,360.0,1.0,1.0,5300.0,0.02471698113207547,0.0,8.575462099540212,0,0,0.0
0.0,1.0,0.0,0.0,4288,133.0,180.0,1.0,1.0,7551.0,0.01761356111773275,0.0,8.929435283803425,0,1,2.0
0.0,0.0,1.0,0.0,4843,151.0,360.0,1.0,1.0,8649.0,0.017458665741704245,0.0,9.065198986306513,0,0,0.0
0.0,1.0,1.0,0.0,13650,146.41216216216216,360.0,1.0,1.0,13650.0,0.010726165726165726,0.0,9.521494800613105,0,1,0.0
0.0,1.0,1.0,0.0,4652,146.41216216216216,360.0,1.0,1.0,8235.0,0.017779254664500567,0.0,9.016148642611741,0,0,0.0
0.0,0.0,1.0,0.0,3816,160.0,360.0,1.0,0.0,4570.0,0.0350109409190372,0.0,8.42726848388825,0,1,0.0
0.0,1.0,1.0,0.0,3052,100.0,360.0,1.0,1.0,4082.0,0.02449779519843214,0.0,8.31434234336979,0,1,1.0
0.0,1.0,1.0,0.0,11417,225.0,360.0,1.0,1.0,12543.0,0.01793829227457546,0.0,9.436918020024674,0,1,2.0
0.0,0.0,0.0,0.0,7333,120.0,360.0,1.0,1.0,7333.0,0.01636438019909996,0.0,8.9001399880938,1,0,0.0
0.0,1.0,1.0,0.0,3800,216.0,360.0,0.0,0.0,7400.0,0.02918918918918919,0.0,8.909235279192261,0,1,2.0
0.0,1.0,0.0,0.0,2071,94.0,480.0,1.0,0.0,2825.0,0.03327433628318584,0.0,7.946263643580541,0,0,3.2
0.0,0.0,1.0,0.0,5316,136.0,360.0,1.0,1.0,5316.0,0.025583145221971408,0.0,8.578476419833136,0,1,0.0
1.0,1.0,1.0,0.0,2929,139.0,360.0,1.0,1.0,5262.0,0.026415811478525276,0.0,8.568266461600238,0,0,0.0
0.0,1.0,0.0,0.0,3572,152.0,342.0,0.0,1.0,7686.0,0.019776216497527973,0.0,8.94715577112479,1,0,0.0
1.0,0.0,1.0,1.0,7451,146.41216216216216,360.0,1.0,1.0,7451.0,0.01965000163228589,1.0,8.916103530553727,0,0,1.0
0.0,0.0,1.0,0.0,5050,118.0,360.0,1.0,1.0,5050.0,0.023366336633663366,0.0,8.527143522269405,0,0,0.0
0.0,1.0,1.0,0.0,14583,185.0,180.0,1.0,1.0,14583.0,0.012686004251525749,0.0,9.587611745713565,1,0,1.0
1.0,1.0,1.0,0.0,3167,154.0,360.0,1.0,1.0,5450.0,0.028256880733944955,0.0,8.60337088765729,0,0,0.0
0.0,1.0,1.0,0.0,2214,85.0,360.0,1.0,1.0,3612.0,0.02353266888150609,0.0,8.192016914536875,0,1,1.0
0.0,1.0,1.0,0.0,5568,175.0,360.0,1.0,1.0,7710.0,0.022697795071335927,0.0,8.950273466557375,1,0,0.0
1.0,0.0,1.0,0.0,10408,259.0,360.0,1.0,1.0,10408.0,0.024884704073789392,0.0,9.250330020192342,0,1,0.0
0.0,1.0,1.0,0.0,5667,180.0,360.0,1.0,1.0,8334.0,0.02159827213822894,0.0,9.0280988119824,1,0,0.0
1.0,0.0,1.0,0.0,4166,44.0,360.0,1.0,1.0,4166.0,0.01056168987037926,0.0,8.334711621820917,0,0,0.0
1.0,0.0,1.0,0.0,2137,137.0,360.0,0.0,1.0,11117.0,0.01232346856166232,0.0,9.316230747233615,0,0,0.0
0.0,1.0,1.0,0.0,2957,81.0,360.0,1.0,0.0,2957.0,0.027392627663172135,0.0,7.9919305198524775,0,0,2.0
0.0,1.0,0.0,0.0,4300,194.0,360.0,1.0,0.0,6314.0,0.030725372188786824,0.0,8.750524669117937,1,0,0.0
1.0,0.0,1.0,0.0,3692,93.0,360.0,1.0,1.0,3692.0,0.025189599133261104,0.0,8.213923595622743,1,0,0.0
0.0,1.0,1.0,0.0,23803,370.0,360.0,1.0,1.0,23803.0,0.015544259127000798,0.0,10.077566902136047,1,0,3.2
0.0,0.0,1.0,0.0,3865,146.41216216216216,360.0,1.0,1.0,5505.0,0.02659621474335371,0.0,8.61341204915678,1,0,0.0
0.0,1.0,1.0,1.0,10513,160.0,180.0,0.0,1.0,14363.0,0.011139734038849823,1.0,9.572410734431823,0,1,1.0
0.0,1.0,1.0,0.0,6080,182.0,360.0,1.0,1.0,8649.0,0.021042895132385248,0.0,9.065198986306513,1,0,0.0
0.0,0.0,1.0,1.0,20166,650.0,480.0,1.0,1.0,20166.0,0.03223247049489239,1.0,9.91175329695316,0,1,0.0
0.0,0.0,1.0,0.0,2014,74.0,360.0,1.0,1.0,3943.0,0.018767435962465127,0.0,8.279697133877628,0,1,0.0
0.0,0.0,1.0,0.0,2718,70.0,360.0,1.0,1.0,2718.0,0.025754231052244298,0.0,7.907651594711089,0,0,0.0
0.0,1.0,1.0,1.0,3459,25.0,120.0,1.0,1.0,3459.0,0.007227522405319456,1.0,8.148734808937169,0,0,0.0
0.0,0.0,1.0,0.0,4895,102.0,360.0,1.0,1.0,4895.0,0.020837589376915218,0.0,8.49596955496461,0,0,0.0
0.0,1.0,1.0,0.0,4000,290.0,360.0,1.0,1.0,11750.0,0.02468085106382979,0.0,9.371608519572305,0,0,3.2
1.0,1.0,1.0,0.0,4583,84.0,360.0,1.0,1.0,4583.0,0.0183286057167794,0.0,8.430109084509125,1,0,0.0
0.0,1.0,1.0,1.0,3316,88.0,360.0,1.0,1.0,6816.0,0.012910798122065728,1.0,8.827028068509152,0,1,2.0
0.0,0.0,1.0,0.0,14999,242.0,360.0,0.0,1.0,14999.0,0.016134408960597372,0.0,9.61573881119536,0,0,0.0
0.0,1.0,0.0,0.0,4200,129.0,360.0,1.0,1.0,5630.0,0.022912966252220248,0.0,8.635864721133736,1,0,2.0
0.0,1.0,1.0,0.0,5042,185.0,360.0,1.0,1.0,7125.0,0.025964912280701753,0.0,8.871365005136852,1,0,2.0
0.0,0.0,1.0,0.0,5417,168.0,360.0,1.0,1.0,5417.0,0.031013476093778844,0.0,8.597297435657898,0,1,0.0
0.0,0.0,1.0,1.0,6950,175.0,180.0,1.0,1.0,6950.0,0.025179856115107913,1.0,8.846496938558838,0,0,0.0
0.0,1.0,1.0,0.0,2698,122.0,360.0,1.0,1.0,4732.0,0.02578191039729501,0.0,8.462103225098277,0,0,0.0
0.0,1.0,1.0,0.0,11757,187.0,180.0,1.0,1.0,11757.0,0.01590541804882198,0.0,9.372204086867741,0,1,2.0
1.0,1.0,1.0,0.0,2330,100.0,360.0,1.0,1.0,6816.0,0.014671361502347418,0.0,8.827028068509152,0,0,0.0
1.0,1.0,1.0,0.0,14866,70.0,360.0,1.0,1.0,14866.0,0.0047087313332436435,0.0,9.60683200528524,0,1,2.0
0.0,1.0,1.0,0.0,1538,30.0,360.0,1.0,1.0,2963.0,0.010124873439082012,0.0,7.993957547573565,0,1,1.0
1.0,0.0,1.0,0.0,10000,225.0,360.0,1.0,1.0,11666.0,0.019286816389507973,0.0,9.364433907313582,1,0,0.0
0.0,1.0,1.0,0.0,4860,125.0,360.0,1.0,1.0,5690.0,0.021968365553602813,0.0,8.646465527120377,0,0,0.0
0.0,0.0,1.0,0.0,6277,118.0,360.0,0.0,1.0,6277.0,0.018798789230524134,0.0,8.744647438317532,1,0,0.0
0.0,1.0,1.0,1.0,2577,152.0,360.0,1.0,1.0,6327.0,0.024024024024024024,1.0,8.752581469146884,1,0,0.0
0.0,0.0,1.0,0.0,9166,244.0,360.0,1.0,1.0,9166.0,0.026620117826751038,0.0,9.123256265069069,0,1,0.0
0.0,1.0,0.0,0.0,2281,113.0,360.0,1.0,0.0,2281.0,0.049539675580885574,0.0,7.732369222284388,1,0,2.0
0.0,0.0,1.0,0.0,3254,50.0,360.0,1.0,1.0,3254.0,0.015365703749231715,0.0,8.087640287778983,0,1,0.0
0.0,1.0,1.0,0.0,39999,600.0,180.0,0.0,1.0,39999.0,0.015000375009375235,0.0,10.596609732783568,0,0,3.2
0.0,1.0,1.0,0.0,6000,160.0,360.0,1.0,1.0,6000.0,0.02666666666666667,0.0,8.699514748210191,1,0,1.0
0.0,1.0,1.0,0.0,9538,187.0,360.0,1.0,1.0,9538.0,0.019605787376808556,0.0,9.16303909885817,0,1,1.0
0.0,0.0,1.0,0.0,2980,120.0,360.0,1.0,1.0,5063.0,0.023701362828362632,0.0,8.529714471969909,1,0,0.0
0.0,1.0,1.0,0.0,4583,255.0,360.0,1.0,1.0,10208.0,0.02498040752351097,0.0,9.23092700558457,0,0,0.0
0.0,1.0,0.0,0.0,1863,98.0,360.0,1.0,0.0,2904.0,0.0337465564738292,0.0,7.973844375944687,0,0,0.0
0.0,1.0,1.0,0.0,7933,275.0,360.0,1.0,1.0,7933.0,0.03466532207235598,0.0,8.978786553302003,0,1,0.0
0.0,1.0,1.0,0.0,3089,121.0,360.0,0.0,0.0,4369.0,0.027695124742504004,0.0,8.382289428951436,0,0,1.0
0.0,1.0,1.0,0.0,4167,158.0,360.0,1.0,1.0,5614.0,0.028143925899536872,0.0,8.633018756921828,1,0,2.0
0.0,1.0,1.0,0.0,9323,75.0,180.0,1.0,1.0,9323.0,0.008044620830204869,0.0,9.140239744296693,0,1,0.0
0.0,1.0,1.0,0.0,3707,182.0,342.0,1.0,1.0,6873.0,0.02648043067074058,0.0,8.835355971121606,1,0,0.0
1.0,1.0,1.0,0.0,4583,112.0,360.0,1.0,1.0,4583.0,0.02443814095570587,0.0,8.430109084509125,1,0,0.0
0.0,1.0,1.0,0.0,2439,129.0,360.0,1.0,1.0,5772.0,0.02234927234927235,0.0,8.660773919893762,1,0,0.0
0.0,0.0,1.0,0.0,2237,63.0,480.0,0.0,0.0,2237.0,0.028162717925793473,0.0,7.71289096149013,0,0,0.0
0.0,1.0,1.0,0.0,8000,200.0,360.0,1.0,1.0,8000.0,0.025,0.0,8.987196820661973,0,0,2.0
0.0,1.0,0.0,0.0,1820,95.0,360.0,1.0,0.0,3589.0,0.026469768737809974,0.0,8.185628891147607,1,0,0.0
0.0,1.0,1.0,0.0,51763,700.0,300.0,1.0,1.0,51763.0,0.013523172922744044,0.0,10.854430887309706,0,1,3.2
0.0,1.0,0.0,0.0,3522,81.0,180.0,1.0,1.0,3522.0,0.022998296422487224,0.0,8.166784289056151,1,0,3.2
0.0,1.0,1.0,0.0,5708,187.0,360.0,1.0,1.0,11333.0,0.016500485308391422,0.0,9.335474102732949,0,0,0.0
0.0,1.0,0.0,1.0,4344,87.0,360.0,1.0,1.0,5080.0,0.017125984251968505,0.0,8.533066540572527,0,0,0.0
0.0,1.0,1.0,0.0,3497,116.0,360.0,1.0,1.0,5461.0,0.021241530855154733,0.0,8.605387202152153,1,0,0.0
0.0,1.0,1.0,0.0,2045,101.0,360.0,1.0,0.0,3664.0,0.027565502183406112,0.0,8.20631072579402,1,0,2.0
0.0,1.0,1.0,0.0,5516,495.0,360.0,0.0,1.0,16816.0,0.029436251189343482,0.0,9.730086093116732,0,0,3.2
0.0,1.0,1.0,0.0,3750,116.0,360.0,1.0,0.0,3750.0,0.030933333333333334,0.0,8.229511118964457,0,0,1.0
0.0,0.0,0.0,0.0,2333,102.0,480.0,0.0,0.0,3784.0,0.026955602536997886,0.0,8.238536930171769,0,1,0.0
0.0,1.0,1.0,0.0,6400,180.0,360.0,0.0,1.0,13650.0,0.013186813186813187,0.0,9.521494800613105,0,1,1.0
0.0,0.0,1.0,0.0,1916,67.0,360.0,1.0,1.0,6979.0,0.00960022925920619,0.0,8.850660919017152,1,0,0.0
0.0,1.0,1.0,0.0,4600,73.0,180.0,1.0,1.0,4600.0,0.015869565217391305,0.0,8.433811582477187,0,0,0.0
0.0,1.0,1.0,0.0,33846,260.0,360.0,1.0,1.0,33846.0,0.00768185309933227,0.0,10.429576102968031,0,0,1.0
1.0,1.0,1.0,0.0,3625,108.0,360.0,1.0,0.0,3625.0,0.029793103448275862,0.0,8.195609567288775,0,0,0.0
0.0,1.0,1.0,1.0,39147,120.0,360.0,1.0,1.0,43897.0,0.0027336720049206094,1.0,10.689601259598334,0,0,0.0
0.0,1.0,1.0,1.0,2178,66.0,300.0,0.0,0.0,2178.0,0.030303030303030304,1.0,7.686162303492906,1,0,1.0
0.0,1.0,1.0,0.0,2383,58.0,360.0,1.0,1.0,4521.0,0.012829020128290201,0.0,8.416488487294606,1,0,0.0
0.0,1.0,1.0,1.0,674,168.0,360.0,1.0,0.0,5970.0,0.02814070351758794,1.0,8.694502206386648,1,0,0.0
0.0,1.0,1.0,0.0,9328,188.0,180.0,1.0,1.0,9328.0,0.020154373927958835,0.0,9.140775908590273,1,0,0.0
0.0,0.0,0.0,0.0,4885,48.0,360.0,1.0,1.0,4885.0,0.009825997952917094,0.0,8.493924564476883,1,0,0.0
0.0,0.0,1.0,0.0,12000,164.0,360.0,1.0,1.0,12000.0,0.013666666666666667,0.0,9.392661928770137,0,0,0.0
0.0,1.0,0.0,0.0,6033,160.0,360.0,1.0,1.0,6033.0,0.026520802254268193,0.0,8.704999678440762,0,1,0.0
0.0,0.0,1.0,0.0,3858,76.0,360.0,1.0,1.0,3858.0,0.019699326075686883,0.0,8.257904193465674,0,0,0.0
0.0,0.0,1.0,0.0,4191,120.0,360.0,1.0,0.0,4191.0,0.02863278453829635,0.0,8.340694647925071,1,0,0.0
0.0,1.0,1.0,0.0,3125,170.0,360.0,1.0,1.0,5708.0,0.029782761037140854,0.0,8.649623978596727,0,0,1.0
0.0,0.0,1.0,0.0,8333,187.0,360.0,1.0,1.0,12083.0,0.015476289001075892,0.0,9.399554785027307,1,0,0.0
1.0,0.0,0.0,0.0,1907,120.0,342.0,1.0,0.0,4272.0,0.028089887640449437,0.0,8.35983738064003,0,1,0.0
1.0,1.0,1.0,0.0,3416,113.0,360.0,1.0,1.0,6232.0,0.01813222079589217,0.0,8.737452587550584,0,0,0.0
0.0,0.0,1.0,1.0,11000,83.0,360.0,1.0,1.0,11000.0,0.007545454545454545,1.0,9.305650551780507,0,1,0.0
0.0,1.0,0.0,0.0,2600,90.0,360.0,1.0,1.0,5100.0,0.01764705882352941,0.0,8.536995818712418,0,0,1.0
0.0,0.0,1.0,0.0,4923,166.0,360.0,0.0,0.0,4923.0,0.03371927686370099,0.0,8.5016733797582,0,0,2.0
0.0,1.0,0.0,0.0,3992,146.41216216216216,180.0,1.0,0.0,3992.0,0.03667639332719493,0.0,8.292047637431354,0,1,3.2
0.0,1.0,0.0,0.0,3500,135.0,360.0,1.0,0.0,4583.0,0.029456687759109753,0.0,8.430109084509125,0,1,1.0
0.0,1.0,0.0,0.0,3917,124.0,360.0,1.0,0.0,3917.0,0.03165688026550932,0.0,8.27308133366583,0,0,2.0
1.0,0.0,0.0,0.0,4408,120.0,360.0,1.0,0.0,4408.0,0.02722323049001815,0.0,8.391176350832751,0,0,0.0
1.0,0.0,1.0,0.0,3244,80.0,360.0,1.0,0.0,3244.0,0.02466091245376079,0.0,8.084562415235304,0,1,0.0
0.0,0.0,0.0,0.0,3975,55.0,360.0,1.0,1.0,6506.0,0.008453735013833385,0.0,8.780480107033297,1,0,0.0
0.0,0.0,1.0,0.0,2479,59.0,360.0,1.0,0.0,2479.0,0.02379991932230738,0.0,7.8156105320351905,0,1,0.0
0.0,0.0,1.0,0.0,3418,127.0,360.0,1.0,0.0,3418.0,0.0371562317144529,0.0,8.136810863675537,0,0,0.0
1.0,0.0,1.0,0.0,10000,214.0,360.0,1.0,1.0,10000.0,0.0214,0.0,9.210340371976184,0,0,0.0
0.0,1.0,1.0,0.0,3430,128.0,360.0,0.0,0.0,4680.0,0.02735042735042735,0.0,8.451053388911692,0,0,3.2
0.0,1.0,1.0,1.0,7787,240.0,360.0,1.0,1.0,7787.0,0.030820598433286245,1.0,8.960210955576986,0,1,1.0
0.0,1.0,0.0,1.0,5703,130.0,360.0,1.0,1.0,5703.0,0.02279502016482553,0.0,8.648747631156539,1,0,3.2
0.0,1.0,1.0,0.0,3173,137.0,360.0,1.0,1.0,6194.0,0.022118178882789795,0.0,8.731336360533149,0,1,0.0
0.0,1.0,0.0,0.0,3850,100.0,360.0,1.0,1.0,4833.0,0.02069108214359611,0.0,8.483222671845084,0,0,3.2
0.0,1.0,1.0,0.0,150,135.0,360.0,1.0,0.0,1950.0,0.06923076923076923,0.0,7.575584651557793,1,0,0.0
0.0,1.0,1.0,0.0,3727,131.0,360.0,1.0,1.0,5502.0,0.023809523809523808,0.0,8.61286694148452,0,0,0.0
0.0,1.0,1.0,0.0,5000,72.0,360.0,0.0,1.0,5000.0,0.0144,0.0,8.517193191416238,0,0,2.0
1.0,1.0,1.0,0.0,4283,127.0,360.0,1.0,1.0,6666.0,0.019051905190519053,0.0,8.804775258867686,0,0,2.0
0.0,1.0,1.0,0.0,2221,60.0,360.0,0.0,0.0,2221.0,0.0270148581719946,0.0,7.7057128238944275,0,1,0.0
0.0,1.0,1.0,0.0,4009,116.0,360.0,1.0,1.0,5726.0,0.020258470136220747,0.0,8.65277248565806,0,0,2.0
0.0,0.0,1.0,0.0,2971,144.0,360.0,1.0,1.0,5762.0,0.024991322457480043,0.0,8.659039915644474,0,0,0.0
0.0,1.0,1.0,0.0,7578,175.0,342.0,1.0,1.0,8588.0,0.0203772706101537,0.0,9.058121158998672,0,0,0.0
0.0,1.0,1.0,0.0,6250,128.0,360.0,1.0,1.0,6250.0,0.02048,0.0,8.740336742730447,0,0,0.0
0.0,1.0,1.0,0.0,3250,170.0,360.0,1.0,0.0,3250.0,0.052307692307692305,0.0,8.086410275323782,1,0,0.0
0.0,1.0,0.0,1.0,4735,138.0,360.0,1.0,0.0,4735.0,0.02914466737064414,0.0,8.462737005620179,0,1,0.0
0.0,1.0,1.0,0.0,6250,210.0,360.0,1.0,1.0,7945.0,0.02643171806167401,0.0,8.980298078970817,0,0,2.0
0.0,0.0,1.0,0.0,4758,158.0,480.0,1.0,0.0,4758.0,0.0332072299285414,0.0,8.467582690862903,0,0,0.0
0.0,0.0,1.0,1.0,6400,200.0,360.0,1.0,1.0,6400.0,0.03125,1.0,8.764053269347762,1,0,0.0
0.0,1.0,1.0,0.0,2491,104.0,360.0,1.0,1.0,4545.0,0.02288228822882288,0.0,8.421783006611578,0,0,1.0
0.0,1.0,1.0,0.0,3716,42.0,180.0,1.0,1.0,3716.0,0.011302475780409042,0.0,8.22040309993373,1,0,0.0
0.0,0.0,0.0,0.0,3189,120.0,342.0,1.0,1.0,5787.0,0.020736132711249352,0.0,8.663369301573839,1,0,0.0
1.0,0.0,1.0,0.0,8333,280.0,360.0,1.0,1.0,8333.0,0.03360134405376215,0.0,9.027978814382207,0,0,0.0
0.0,1.0,1.0,0.0,3155,140.0,360.0,1.0,1.0,4934.0,0.02837454398054317,0.0,8.503905297089302,0,0,1.0
0.0,1.0,1.0,0.0,5500,170.0,360.0,1.0,1.0,6760.0,0.02514792899408284,0.0,8.81877816903701,1,0,1.0
0.0,1.0,1.0,0.0,5746,255.0,360.0,1.0,0.0,5746.0,0.04437869822485207,0.0,8.656259239539235,0,1,0.0
1.0,0.0,1.0,1.0,3463,122.0,360.0,1.0,0.0,3463.0,0.03522956973722206,1.0,8.149890544402423,0,1,0.0
1.0,0.0,1.0,0.0,3812,112.0,360.0,1.0,0.0,3812.0,0.02938090241343127,0.0,8.245909264774093,1,0,1.0
0.0,1.0,1.0,0.0,3315,96.0,360.0,1.0,0.0,3315.0,0.02895927601809955,0.0,8.106212902619962,0,0,1.0
0.0,1.0,1.0,0.0,5819,120.0,360.0,1.0,1.0,10819.0,0.01109159811442832,0.0,9.289059126687574,1,0,2.0
0.0,1.0,0.0,0.0,2510,140.0,180.0,1.0,0.0,4493.0,0.031159581571333184,0.0,8.41027590907016,0,1,1.0
0.0,0.0,1.0,0.0,2965,155.0,60.0,1.0,1.0,8666.0,0.017885991230094624,0.0,9.067162602299854,0,1,0.0
0.0,1.0,1.0,1.0,6250,108.0,360.0,1.0,1.0,7550.0,0.014304635761589404,1.0,8.92930284224307,1,0,2.0
0.0,1.0,0.0,0.0,3406,123.0,360.0,1.0,1.0,7823.0,0.01572286846478333,0.0,8.96482339168508,0,0,0.0
0.0,0.0,1.0,1.0,6050,120.0,180.0,1.0,1.0,10383.0,0.011557353366079168,1.0,9.247925132303454,0,1,0.0
0.0,1.0,1.0,0.0,9703,112.0,360.0,1.0,1.0,9703.0,0.011542821807688343,0.0,9.1801903950253,0,1,2.0
0.0,1.0,0.0,0.0,6608,137.0,180.0,1.0,1.0,6608.0,0.020732445520581115,0.0,8.796036315200814,0,1,1.0
0.0,1.0,1.0,0.0,2882,123.0,480.0,1.0,1.0,4725.0,0.02603174603174603,0.0,8.460622839927844,0,0,1.0
0.0,1.0,1.0,0.0,1809,90.0,360.0,1.0,1.0,3677.0,0.024476475387544192,0.0,8.209852481301272,0,1,0.0
0.0,1.0,0.0,0.0,1668,201.0,360.0,0.0,0.0,5558.0,0.0361640878013674,0.0,8.62299361030245,0,0,0.0
1.0,0.0,1.0,0.0,3427,138.0,360.0,1.0,0.0,3427.0,0.040268456375838924,0.0,8.139440521874608,0,1,2.0
0.0,0.0,0.0,1.0,2583,104.0,360.0,1.0,1.0,4750.0,0.021894736842105262,0.0,8.465899897028686,1,0,0.0
0.0,1.0,0.0,0.0,2661,279.0,180.0,1.0,1.0,9762.0,0.02858020897357099,0.0,9.186252576447092,0,0,1.0
0.0,0.0,1.0,1.0,16250,192.0,360.0,0.0,1.0,16250.0,0.011815384615384615,1.0,9.695848187757884,0,1,0.0
1.0,0.0,1.0,0.0,3083,255.0,360.0,1.0,0.0,3083.0,0.08271164450210834,0.0,8.03365842788615,1,0,3.2
0.0,0.0,0.0,0.0,6045,115.0,360.0,0.0,1.0,6045.0,0.01902398676592225,0.0,8.706986763048892,1,0,0.0
0.0,1.0,1.0,0.0,5250,94.0,360.0,1.0,1.0,5250.0,0.017904761904761906,0.0,8.565983355585669,0,1,3.2
0.0,1.0,1.0,0.0,14683,304.0,360.0,1.0,1.0,16783.0,0.018113567300244295,0.0,9.72812174830818,1,0,0.0
0.0,1.0,0.0,0.0,4931,128.0,360.0,1.0,1.0,4931.0,0.02595822348408031,0.0,8.503297086224126,0,0,3.2
0.0,1.0,1.0,0.0,6083,330.0,360.0,1.0,1.0,10333.0,0.03193651408109939,0.0,9.243097936214355,0,1,1.0
0.0,0.0,1.0,0.0,2060,134.0,360.0,1.0,0.0,4269.0,0.03138908409463575,0.0,8.359134886757962,0,0,0.0
1.0,0.0,1.0,0.0,3481,155.0,36.0,1.0,0.0,3481.0,0.04452743464521689,0.0,8.15507488781144,0,0,1.0
1.0,0.0,1.0,0.0,7200,120.0,360.0,1.0,1.0,7200.0,0.016666666666666666,0.0,8.881836305004146,1,0,0.0
0.0,0.0,1.0,1.0,5166,128.0,360.0,1.0,1.0,5166.0,0.024777390631049168,1.0,8.549853973655786,0,0,0.0
0.0,0.0,1.0,0.0,4095,151.0,360.0,1.0,1.0,7542.0,0.02002121453195439,0.0,8.928242677818302,1,0,0.0
0.0,1.0,1.0,0.0,4708,150.0,360.0,1.0,1.0,6095.0,0.02461033634126333,0.0,8.715224041915372,0,0,2.0
0.0,1.0,1.0,0.0,4333,160.0,360.0,0.0,0.0,6144.0,0.026041666666666668,0.0,8.723231274827508,0,1,3.2
1.0,0.0,1.0,0.0,3418,135.0,360.0,1.0,0.0,3418.0,0.03949678174370977,0.0,8.136810863675537,1,0,0.0
1.0,0.0,1.0,0.0,2876,90.0,360.0,1.0,1.0,4436.0,0.02028854824165915,0.0,8.397508348470257,0,1,1.0
1.0,0.0,1.0,0.0,3237,30.0,360.0,1.0,1.0,3237.0,0.009267840593141797,0.0,8.082402253926244,0,1,0.0
0.0,1.0,1.0,0.0,11146,136.0,360.0,1.0,1.0,11146.0,0.012201686703750225,0.0,9.318835968129482,0,1,0.0
0.0,0.0,1.0,0.0,2833,126.0,360.0,1.0,1.0,4690.0,0.026865671641791045,0.0,8.453187861440325,1,0,0.0
0.0,1.0,1.0,0.0,2620,150.0,360.0,1.0,0.0,4843.0,0.03097253768325418,0.0,8.48528964240323,0,0,0.0
0.0,1.0,1.0,0.0,3900,90.0,360.0,1.0,1.0,3900.0,0.023076923076923078,0.0,8.268731832117737,0,0,2.0
0.0,1.0,1.0,0.0,2750,115.0,360.0,1.0,1.0,4592.0,0.02504355400696864,0.0,8.432070937999402,0,0,1.0
0.0,1.0,1.0,0.0,3993,207.0,360.0,1.0,1.0,7267.0,0.02848493188385854,0.0,8.891098830616636,0,0,0.0
0.0,1.0,1.0,0.0,3103,80.0,360.0,1.0,1.0,4403.0,0.018169429934135818,0.0,8.390041405755754,0,1,0.0
0.0,1.0,1.0,0.0,14583,436.0,360.0,1.0,1.0,14583.0,0.02989782623602825,0.0,9.587611745713565,0,0,0.0
1.0,1.0,0.0,0.0,4100,124.0,360.0,1.0,0.0,4100.0,0.03024390243902439,0.0,8.318742252692399,1,0,0.0
0.0,0.0,0.0,1.0,4053,158.0,360.0,0.0,0.0,6479.0,0.02438647939496836,0.0,8.776321456449958,0,1,1.0
0.0,1.0,1.0,0.0,3927,112.0,360.0,1.0,1.0,4727.0,0.0236936746350751,0.0,8.461046030793236,0,0,0.0
0.0,1.0,1.0,0.0,2301,78.0,180.0,1.0,1.0,3286.7999877999996,0.02373128887961596,0.0,8.097669722345216,0,1,2.0
1.0,0.0,1.0,0.0,1811,54.0,360.0,1.0,1.0,3477.0,0.015530629853321829,0.0,8.153925132007862,0,1,0.0
0.0,1.0,1.0,0.0,20667,146.41216216216216,360.0,1.0,1.0,20667.0,0.007084345195827269,0.0,9.936293504261306,1,0,0.0
0.0,0.0,1.0,0.0,3158,89.0,360.0,1.0,1.0,6211.0,0.014329415553051039,0.0,8.734077192559303,1,0,0.0
1.0,0.0,1.0,1.0,2600,99.0,300.0,1.0,1.0,4317.0,0.022932592077831826,1.0,8.370315995555478,0,0,0.0
0.0,1.0,1.0,0.0,3704,120.0,360.0,1.0,1.0,5704.0,0.021037868162692847,0.0,8.648922962094131,1,0,0.0
1.0,0.0,1.0,0.0,4124,115.0,360.0,1.0,0.0,4124.0,0.027885548011639186,0.0,8.32457884513685,0,0,0.0
0.0,0.0,1.0,0.0,9508,187.0,360.0,1.0,1.0,9508.0,0.019667648296171646,0.0,9.159888828480085,1,0,0.0
0.0,1.0,1.0,0.0,3075,139.0,360.0,1.0,1.0,5491.0,0.025314150427973046,0.0,8.610865667278873,1,0,0.0
0.0,1.0,1.0,0.0,4400,127.0,360.0,0.0,0.0,4400.0,0.028863636363636362,0.0,8.389359819906353,0,0,2.0
0.0,1.0,1.0,0.0,3153,134.0,360.0,1.0,0.0,4713.0,0.028431996605134735,0.0,8.45807992692373,0,1,2.0
1.0,0.0,1.0,0.0,5417,143.0,480.0,0.0,0.0,5417.0,0.026398375484585564,0.0,8.597297435657898,0,1,0.0
0.0,1.0,1.0,0.0,2383,172.0,360.0,1.0,0.0,5717.0,0.03008570928808816,0.0,8.651199471263972,0,0,0.0
0.0,1.0,1.0,0.0,4416,110.0,360.0,1.0,1.0,5666.0,0.01941404871161313,0.0,8.642238680390461,0,1,3.2
0.0,1.0,1.0,0.0,6875,200.0,360.0,1.0,1.0,6875.0,0.02909090909090909,0.0,8.835646922534773,0,0,1.0
1.0,1.0,1.0,0.0,4666,135.0,360.0,1.0,0.0,4666.0,0.028932704672096014,0.0,8.448057452581375,0,1,1.0
1.0,0.0,1.0,0.0,5000,151.0,480.0,1.0,1.0,7541.0,0.020023869513327144,0.0,8.928110078202646,1,0,0.0
0.0,1.0,1.0,0.0,2014,113.0,360.0,1.0,1.0,4939.0,0.02287912532901397,0.0,8.504918160540624,0,1,1.0
0.0,1.0,0.0,0.0,1800,93.0,360.0,0.0,0.0,4734.0,0.01964512040557668,0.0,8.46252579007393,0,1,0.0
0.0,1.0,0.0,0.0,2875,105.0,360.0,1.0,1.0,4625.0,0.022702702702702703,0.0,8.439231649946526,0,0,0.0
1.0,0.0,1.0,0.0,5000,132.0,360.0,1.0,1.0,5000.0,0.0264,0.0,8.517193191416238,1,0,0.0
0.0,1.0,1.0,0.0,1625,96.0,360.0,1.0,0.0,3428.0,0.028004667444574097,0.0,8.13973227971767,0,1,1.0
0.0,0.0,1.0,0.0,4000,140.0,360.0,1.0,1.0,6500.0,0.021538461538461538,0.0,8.779557455883728,1,0,0.0
0.0,0.0,0.0,0.0,2000,146.41216216216216,360.0,1.0,0.0,2000.0,0.07320608108108108,0.0,7.600902459542082,0,1,0.0
1.0,0.0,1.0,0.0,3762,135.0,360.0,1.0,1.0,5428.0,0.024871039056742816,0.0,8.59932602095476,1,0,0.0
1.0,0.0,1.0,0.0,2400,104.0,360.0,0.0,0.0,4263.0,0.02439596528266479,0.0,8.35772841676521,0,1,0.0
0.0,0.0,1.0,0.0,20233,480.0,360.0,1.0,1.0,20233.0,0.02372361982899224,0.0,9.915070213779195,1,0,0.0
0.0,1.0,0.0,0.0,7667,185.0,360.0,1.0,1.0,7667.0,0.024129385678883526,0.0,8.944680683558895,1,0,2.0
1.0,0.0,1.0,0.0,2917,84.0,360.0,1.0,0.0,2917.0,0.028796708947548853,0.0,7.978310969867722,0,0,0.0
0.0,0.0,0.0,0.0,2927,111.0,360.0,1.0,1.0,5332.0,0.020817704426106528,0.0,8.5814816812986,0,0,0.0
1.0,0.0,1.0,0.0,2507,56.0,360.0,1.0,1.0,2507.0,0.022337455125648185,0.0,7.826842098158293,1,0,0.0
0.0,1.0,1.0,1.0,5746,144.0,84.0,1.0,1.0,5746.0,0.025060911938739994,1.0,8.656259239539235,1,0,2.0
0.0,1.0,1.0,0.0,2473,159.0,360.0,1.0,0.0,4316.0,0.036839666357738644,0.0,8.370084326378025,1,0,0.0
0.0,1.0,0.0,0.0,3399,111.0,180.0,1.0,1.0,5039.0,0.022028180194483032,0.0,8.524962928680598,0,1,1.0
0.0,1.0,1.0,0.0,3717,120.0,360.0,1.0,0.0,3717.0,0.03228410008071025,0.0,8.220672170297252,0,0,2.0
0.0,1.0,1.0,0.0,2058,88.0,360.0,1.0,1.0,4192.0,0.02099236641221374,0.0,8.340933226000878,0,1,0.0
1.0,0.0,1.0,0.0,3541,112.0,360.0,1.0,0.0,3541.0,0.031629483196837054,0.0,8.172164452111904,0,0,1.0
0.0,1.0,1.0,1.0,10000,155.0,360.0,1.0,1.0,10000.0,0.0155,1.0,9.210340371976184,1,0,1.0
0.0,1.0,1.0,0.0,2400,115.0,360.0,1.0,1.0,4567.0,0.025180643748631486,0.0,8.426611813185,0,0,0.0
0.0,1.0,1.0,0.0,4342,124.0,360.0,1.0,0.0,4531.0,0.027367027146325315,0.0,8.418697944667139,0,0,3.2
0.0,1.0,0.0,0.0,3601,146.41216216216216,360.0,1.0,1.0,5191.0,0.028205001379726865,0.0,8.55468163582723,1,0,2.0
1.0,0.0,1.0,0.0,3166,132.0,360.0,1.0,1.0,6151.0,0.021459925215412127,0.0,8.724369949208368,1,0,0.0
0.0,1.0,1.0,0.0,15000,300.0,360.0,1.0,1.0,15000.0,0.02,0.0,9.615805480084347,1,0,3.2
0.0,1.0,1.0,1.0,8666,376.0,360.0,0.0,1.0,13649.0,0.027547805700051286,1.0,9.521421537856195,1,0,1.0
0.0,0.0,1.0,0.0,4917,130.0,360.0,0.0,0.0,4917.0,0.026438885499288182,0.0,8.50045386741194,1,0,0.0
0.0,1.0,1.0,1.0,5818,184.0,360.0,1.0,1.0,7978.0,0.023063424417147156,1.0,8.984443032465352,0,0,0.0
1.0,1.0,1.0,0.0,4333,110.0,360.0,1.0,1.0,6784.0,0.016214622641509434,0.0,8.822322177471738,0,1,0.0
1.0,0.0,1.0,0.0,2500,67.0,360.0,1.0,0.0,2500.0,0.0268,0.0,7.824046010856292,0,1,0.0
0.0,0.0,1.0,0.0,4384,117.0,360.0,1.0,1.0,6177.0,0.01894123360854784,0.0,8.728587995695898,0,1,1.0
0.0,0.0,1.0,0.0,2935,98.0,360.0,1.0,0.0,2935.0,0.03339011925042589,0.0,7.984462732262196,0,0,0.0
0.0,0.0,1.0,0.0,2833,71.0,360.0,1.0,0.0,2833.0,0.025061771973173313,0.0,7.949091499830517,0,1,0.0
0.0,1.0,1.0,0.0,63337,490.0,180.0,1.0,1.0,63337.0,0.007736394208756335,0.0,11.05622495553552,0,1,0.0
0.0,1.0,1.0,1.0,9833,182.0,180.0,1.0,1.0,11666.0,0.015600891479513115,1.0,9.364433907313582,0,1,1.0
0.0,1.0,1.0,1.0,5503,70.0,342.0,1.0,1.0,9993.0,0.007004903432402682,1.0,9.209640126861789,0,0,0.0
0.0,1.0,1.0,0.0,5250,160.0,360.0,1.0,1.0,5938.0,0.02694509936005389,0.0,8.689127655323706,1,0,1.0
0.0,1.0,1.0,1.0,2500,176.0,360.0,1.0,1.0,7100.0,0.024788732394366197,1.0,8.867850063029406,1,0,2.0
1.0,0.0,0.0,0.0,1830,146.41216216216216,360.0,0.0,0.0,1830.0,0.08000664599025255,0.0,7.512071245835466,0,1,3.2
1.0,0.0,1.0,0.0,4160,71.0,360.0,1.0,1.0,4160.0,0.01706730769230769,0.0,8.333270353255308,0,0,0.0
0.0,1.0,0.0,0.0,2647,173.0,360.0,1.0,0.0,4234.0,0.040859707132735006,0.0,8.350902451694811,1,0,3.2
1.0,0.0,1.0,0.0,2378,46.0,360.0,1.0,1.0,2378.0,0.01934398654331371,0.0,7.774015077250727,1,0,0.0
0.0,1.0,0.0,0.0,4554,158.0,360.0,1.0,1.0,5783.0,0.027321459450112398,0.0,8.662677858158219,0,1,1.0
0.0,1.0,0.0,0.0,3173,74.0,360.0,1.0,1.0,3173.0,0.023321777497636306,0.0,8.062432791583195,0,0,3.2
0.0,1.0,1.0,0.0,2583,125.0,360.0,1.0,1.0,4913.0,0.0254427030327702,0.0,8.499640032168648,1,0,2.0
0.0,1.0,1.0,0.0,2499,160.0,360.0,1.0,0.0,4957.0,0.03227758725035303,0.0,8.508555998020574,0,0,0.0
0.0,1.0,0.0,0.0,3523,152.0,360.0,0.0,1.0,6753.0,0.02250851473419221,0.0,8.817742129574842,1,0,0.0
0.0,1.0,0.0,0.0,3083,126.0,360.0,1.0,1.0,5251.0,0.023995429442011044,0.0,8.566173813637858,0,1,2.0
0.0,1.0,1.0,0.0,6333,259.0,360.0,1.0,1.0,10916.0,0.02372663979479663,0.0,9.29798488182823,0,0,0.0
0.0,1.0,1.0,0.0,2625,187.0,360.0,1.0,1.0,8875.0,0.021070422535211266,0.0,9.090993614343617,1,0,0.0
0.0,1.0,1.0,0.0,9083,228.0,360.0,1.0,1.0,9083.0,0.025101838599581636,0.0,9.114159813502214,0,0,0.0
0.0,0.0,1.0,0.0,8750,308.0,360.0,1.0,1.0,12917.0,0.023844545947201364,0.0,9.466299552232016,1,0,0.0
0.0,1.0,1.0,0.0,2666,95.0,360.0,1.0,1.0,4749.0,0.02000421141292904,0.0,8.465689348549121,1,0,3.2
1.0,1.0,1.0,1.0,5500,105.0,360.0,0.0,1.0,5500.0,0.019090909090909092,1.0,8.612503371220562,1,0,0.0
1.0,1.0,1.0,0.0,2423,130.0,360.0,1.0,0.0,2928.0,0.04439890710382514,0.0,7.982074875081202,0,0,0.0
1.0,0.0,1.0,0.0,3813,116.0,180.0,1.0,0.0,3813.0,0.03042223970626803,0.0,8.246171559857563,0,1,0.0
0.0,1.0,1.0,0.0,8333,165.0,360.0,1.0,1.0,11500.0,0.014347826086956521,0.0,9.350102314351341,1,0,2.0
0.0,1.0,1.0,0.0,3875,67.0,360.0,1.0,1.0,3875.0,0.01729032258064516,0.0,8.262300941787448,0,1,1.0
0.0,1.0,0.0,0.0,3000,100.0,480.0,0.0,1.0,4666.0,0.021431633090441493,0.0,8.448057452581375,0,1,0.0
0.0,1.0,1.0,0.0,5167,200.0,360.0,1.0,1.0,8334.0,0.023998080153587713,0.0,9.0280988119824,0,0,3.2
1.0,0.0,1.0,0.0,4723,81.0,360.0,1.0,1.0,4723.0,0.017150116451408005,0.0,8.460199469896118,0,0,1.0
0.0,1.0,1.0,0.0,5000,236.0,360.0,1.0,1.0,8667.0,0.027229721933771777,0.0,9.067277989134345,0,0,2.0
0.0,1.0,1.0,0.0,4750,130.0,360.0,1.0,1.0,7083.0,0.01835380488493576,0.0,8.865452825753623,0,1,0.0
0.0,1.0,1.0,0.0,3013,95.0,300.0,1.0,1.0,6046.0,0.0157128680119087,0.0,8.707152175339404,0,1,0.0
0.0,0.0,1.0,1.0,6822,141.0,360.0,1.0,1.0,6822.0,0.020668425681618294,1.0,8.82790796297859,1,0,0.0
0.0,0.0,0.0,0.0,6216,133.0,360.0,1.0,1.0,6216.0,0.021396396396396396,0.0,8.734881892047483,1,0,0.0
0.0,0.0,1.0,0.0,2500,96.0,480.0,1.0,0.0,2500.0,0.0384,0.0,7.824046010856292,0,0,0.0
0.0,0.0,1.0,0.0,5124,124.0,342.0,0.0,1.0,5124.0,0.02419984387197502,0.0,8.541690663016626,1,0,0.0
0.0,1.0,1.0,0.0,6325,175.0,360.0,1.0,1.0,6325.0,0.02766798418972332,0.0,8.752265313595721,0,0,1.0
0.0,1.0,1.0,0.0,19730,570.0,360.0,1.0,1.0,24996.0,0.022803648583773404,0.0,10.126471091048971,1,0,0.0
1.0,0.0,1.0,1.0,15759,55.0,360.0,1.0,1.0,15759.0,0.0034900691668253063,1.0,9.665166909622071,0,0,0.0
0.0,1.0,1.0,0.0,5185,155.0,360.0,1.0,1.0,5185.0,0.029893924783027964,0.0,8.553525120663627,0,0,2.0
0.0,1.0,1.0,1.0,9323,380.0,300.0,1.0,1.0,17196.0,0.02209816236334031,1.0,9.752432077616172,1,0,2.0
0.0,0.0,1.0,0.0,3062,111.0,180.0,0.0,1.0,5049.0,0.021984551396316103,0.0,8.526945482858915,0,1,1.0
1.0,0.0,1.0,0.0,2764,110.0,360.0,1.0,1.0,4223.0,0.02604783329386692,0.0,8.348301054933943,0,1,0.0
0.0,1.0,1.0,0.0,4817,120.0,180.0,1.0,1.0,5740.0,0.020905923344947737,0.0,8.655214489313613,0,1,0.0
0.0,1.0,1.0,0.0,8750,130.0,360.0,1.0,1.0,13746.0,0.009457296668121635,0.0,9.52850315168155,1,0,3.2
0.0,1.0,1.0,0.0,4310,130.0,360.0,1.0,0.0,4310.0,0.030162412993039442,0.0,8.368693183097793,0,0,0.0
0.0,0.0,1.0,0.0,3069,71.0,480.0,1.0,0.0,3069.0,0.023134571521668295,0.0,8.029107054619736,0,1,0.0
0.0,1.0,1.0,0.0,5391,130.0,360.0,1.0,1.0,5391.0,0.024114264514932295,0.0,8.592486175451668,0,1,2.0
0.0,1.0,1.0,0.0,3333,128.0,360.0,1.0,1.0,5833.0,0.021944111092062405,0.0,8.671286726753637,0,0,0.0
0.0,0.0,1.0,0.0,5941,296.0,360.0,1.0,1.0,10173.0,0.029096628329892852,0.0,9.227492430793749,0,0,0.0
1.0,0.0,1.0,0.0,6000,156.0,360.0,1.0,1.0,6000.0,0.026,0.0,8.699514748210191,0,1,0.0
0.0,0.0,1.0,1.0,7167,128.0,360.0,1.0,1.0,7167.0,0.017859634435607646,1.0,8.877242435993919,0,1,0.0
0.0,1.0,1.0,0.0,4566,100.0,360.0,1.0,1.0,4566.0,0.021901007446342532,0.0,8.42639282708974,0,1,2.0
0.0,0.0,1.0,0.0,3667,113.0,180.0,1.0,0.0,3667.0,0.030815380419961822,0.0,8.207129168071326,0,1,1.0
0.0,0.0,0.0,0.0,2346,132.0,360.0,1.0,0.0,3946.0,0.03345159655347187,0.0,8.28045768658256,0,0,0.0
0.0,1.0,0.0,0.0,3010,146.41216216216216,360.0,0.0,1.0,6146.0,0.023822349847406794,0.0,8.72355674269043,0,1,0.0
0.0,1.0,1.0,0.0,2333,136.0,360.0,1.0,0.0,4750.0,0.02863157894736842,0.0,8.465899897028686,0,1,0.0
0.0,1.0,1.0,0.0,5488,125.0,360.0,1.0,1.0,5488.0,0.022776967930029153,0.0,8.610319169405722,1,0,0.0
0.0,0.0,1.0,0.0,9167,185.0,360.0,1.0,1.0,9167.0,0.020181084324206393,0.0,9.123365357961776,1,0,3.2
0.0,1.0,1.0,0.0,9504,275.0,360.0,1.0,1.0,9504.0,0.028935185185185185,0.0,9.159468041602427,1,0,3.2
0.0,1.0,1.0,0.0,2583,120.0,360.0,1.0,1.0,4698.0,0.02554278416347382,0.0,8.454892165218858,0,1,0.0
0.0,1.0,0.0,0.0,1993,113.0,180.0,1.0,0.0,3618.0,0.03123272526257601,0.0,8.193676665955241,0,0,2.0
0.0,1.0,1.0,0.0,3100,113.0,360.0,1.0,1.0,4500.0,0.025111111111111112,0.0,8.411832675758411,0,1,2.0
0.0,1.0,1.0,0.0,3276,135.0,360.0,1.0,0.0,3760.0,0.03590425531914894,0.0,8.23217423638394,0,0,2.0
1.0,0.0,1.0,0.0,3180,71.0,360.0,0.0,1.0,3180.0,0.02232704402515723,0.0,8.064636475774222,0,1,0.0
0.0,1.0,1.0,0.0,3033,95.0,360.0,1.0,1.0,4492.0,0.021148708815672306,0.0,8.410053315858335,0,1,0.0
0.0,0.0,0.0,0.0,3902,109.0,360.0,1.0,1.0,5568.0,0.019576149425287355,0.0,8.624791202014256,1,0,0.0
1.0,0.0,1.0,0.0,1500,103.0,360.0,0.0,0.0,3300.0,0.031212121212121212,0.0,8.101677747454572,0,0,0.0
0.0,1.0,0.0,0.0,2889,45.0,180.0,0.0,1.0,2889.0,0.01557632398753894,0.0,7.968665700466235,0,1,2.0
0.0,0.0,0.0,0.0,2755,65.0,300.0,1.0,0.0,2755.0,0.023593466424682397,0.0,7.9211727215870145,1,0,0.0
0.0,0.0,1.0,0.0,2500,103.0,360.0,1.0,1.0,22500.0,0.004577777777777778,0.0,10.021270588192511,0,0,0.0
1.0,0.0,0.0,0.0,1963,53.0,360.0,1.0,0.0,1963.0,0.026999490575649515,0.0,7.5822291942764615,0,0,0.0
1.0,0.0,1.0,1.0,7441,194.0,360.0,1.0,1.0,7441.0,0.026071764547775836,1.0,8.914760527397261,1,0,0.0
1.0,0.0,1.0,0.0,4547,115.0,360.0,1.0,1.0,4547.0,0.025291400923685946,0.0,8.42222295382501,0,0,0.0
0.0,1.0,0.0,0.0,2167,115.0,360.0,1.0,1.0,4567.0,0.025180643748631486,0.0,8.426611813185,0,1,0.0
1.0,0.0,0.0,0.0,2213,66.0,360.0,1.0,0.0,2213.0,0.0298237686398554,0.0,7.70210434005105,1,0,0.0
0.0,1.0,1.0,0.0,8300,152.0,300.0,0.0,1.0,8300.0,0.018313253012048194,0.0,9.02401079378469,0,0,1.0
0.0,1.0,1.0,0.0,81000,360.0,360.0,0.0,1.0,81000.0,0.0044444444444444444,0.0,11.302204433654575,1,0,3.2
1.0,0.0,0.0,1.0,3867,62.0,360.0,1.0,1.0,3867.0,0.016033100594776313,0.0,8.260234291607297,0,0,1.0
0.0,1.0,1.0,0.0,6256,160.0,360.0,1.0,1.0,6256.0,0.02557544757033248,0.0,8.741296282225147,0,1,0.0
0.0,1.0,0.0,0.0,6096,218.0,360.0,0.0,0.0,6096.0,0.035761154855643046,0.0,8.715388097366482,1,0,0.0
0.0,1.0,0.0,0.0,2253,110.0,360.0,1.0,0.0,4286.0,0.025664955669622024,0.0,8.363109176033522,1,0,0.0
1.0,1.0,0.0,0.0,2149,178.0,360.0,0.0,0.0,5386.0,0.03304864463423691,0.0,8.591558273371545,0,0,0.0
1.0,0.0,1.0,0.0,2995,60.0,360.0,1.0,1.0,2995.0,0.02003338898163606,0.0,8.00469951054955,0,1,0.0
1.0,0.0,1.0,0.0,2600,160.0,360.0,1.0,0.0,2600.0,0.06153846153846154,0.0,7.8632667240095735,0,1,1.0
0.0,1.0,1.0,1.0,1600,239.0,360.0,1.0,1.0,21600.0,0.011064814814814816,1.0,9.980448593672257,0,1,2.0
0.0,1.0,1.0,0.0,1025,112.0,360.0,1.0,0.0,3798.0,0.02948920484465508,0.0,8.242229891372231,1,0,0.0
0.0,1.0,1.0,0.0,3246,138.0,360.0,1.0,0.0,4663.0,0.029594681535492173,0.0,8.44741429680832,0,0,0.0
0.0,1.0,1.0,0.0,5829,138.0,360.0,1.0,1.0,5829.0,0.023674729799279464,0.0,8.67060073804555,1,0,0.0
1.0,0.0,0.0,0.0,2720,80.0,342.0,0.0,0.0,2720.0,0.029411764705882353,0.0,7.908387159290043,0,1,0.0
0.0,1.0,1.0,0.0,1820,100.0,360.0,1.0,0.0,3539.0,0.028256569652444195,0.0,8.171599480345463,0,1,0.0
0.0,1.0,1.0,0.0,7250,110.0,342.0,0.0,1.0,8917.0,0.01233598743972188,0.0,9.095714846134879,0,1,1.0
0.0,1.0,1.0,0.0,14880,96.0,360.0,1.0,1.0,14880.0,0.0064516129032258064,0.0,9.607773308387083,0,0,0.0
0.0,1.0,1.0,0.0,2666,121.0,360.0,1.0,1.0,6966.0,0.01737008326155613,0.0,8.848796450925947,1,0,0.0
1.0,0.0,0.0,0.0,4606,81.0,360.0,1.0,1.0,4606.0,0.017585757707338254,0.0,8.43511508038063,1,0,1.0
0.0,1.0,1.0,0.0,5935,133.0,360.0,1.0,1.0,5935.0,0.02240943555181129,0.0,8.688622307043769,0,0,2.0
0.0,1.0,1.0,0.0,2920,87.0,360.0,1.0,0.0,2936.12000084,0.029630941506174818,0.0,7.984844261119869,1,0,0.0
0.0,0.0,0.0,0.0,2717,60.0,180.0,1.0,1.0,2717.0,0.02208317997791682,0.0,7.907283609426348,0,1,0.0
1.0,0.0,1.0,1.0,8624,150.0,360.0,1.0,1.0,8624.0,0.017393320964749538,1.0,9.06230429314878,0,0,1.0
0.0,0.0,1.0,0.0,6500,105.0,360.0,0.0,1.0,6500.0,0.016153846153846154,0.0,8.779557455883728,1,0,0.0
0.0,0.0,1.0,0.0,12876,405.0,360.0,1.0,1.0,12876.0,0.03145386766076421,0.0,9.463120392418698,0,0,0.0
0.0,1.0,1.0,0.0,2425,143.0,360.0,1.0,1.0,4765.0,0.030010493179433367,0.0,8.469052816088302,0,0,0.0
0.0,0.0,1.0,0.0,3750,100.0,360.0,1.0,1.0,3750.0,0.02666666666666667,0.0,8.229511118964457,0,1,0.0
1.0,0.0,1.0,0.0,10047,146.41216216216216,240.0,1.0,1.0,10047.0,0.01457272441148225,0.0,9.215029361462314,0,0,0.0
0.0,0.0,1.0,0.0,1926,50.0,360.0,1.0,1.0,3777.0,0.013238019592268996,0.0,8.236685322712457,0,0,0.0
0.0,1.0,1.0,0.0,2213,146.41216216216216,360.0,1.0,0.0,3338.0,0.0438622415105339,0.0,8.11312710422178,0,1,0.0
0.0,0.0,1.0,1.0,10416,187.0,360.0,0.0,1.0,10416.0,0.0179531490015361,1.0,9.251098364448351,0,1,0.0
1.0,1.0,0.0,1.0,7142,138.0,360.0,1.0,1.0,7142.0,0.019322318678241388,0.0,8.873748128154395,1,0,0.0
0.0,0.0,1.0,0.0,3660,187.0,360.0,1.0,1.0,8724.0,0.021435121503897293,0.0,9.07383312732152,0,0,0.0
0.0,1.0,1.0,0.0,7901,180.0,360.0,1.0,1.0,9734.0,0.018491884117526197,0.0,9.1833801903934,1,0,0.0
0.0,0.0,0.0,0.0,4707,148.0,360.0,1.0,1.0,6700.0,0.02208955223880597,0.0,8.809862805379057,0,0,3.2
0.0,0.0,1.0,0.0,37719,152.0,360.0,1.0,1.0,37719.0,0.004029799305389856,0.0,10.537919225261291,0,0,1.0
0.0,1.0,1.0,0.0,7333,175.0,300.0,1.0,1.0,15666.0,0.011170688114387846,0.0,9.659248037927183,1,0,0.0
0.0,1.0,1.0,1.0,3466,130.0,360.0,1.0,0.0,4676.0,0.027801539777587682,1.0,8.450198322591959,1,0,1.0
0.0,1.0,0.0,0.0,4652,110.0,360.0,1.0,1.0,4652.0,0.023645743766122097,0.0,8.445052513638554,1,0,2.0
0.0,1.0,1.0,0.0,3539,55.0,360.0,1.0,1.0,4915.0,0.011190233977619531,0.0,8.500047032581268,1,0,0.0
0.0,1.0,1.0,0.0,3340,150.0,360.0,0.0,0.0,5050.0,0.0297029702970297,0.0,8.527143522269405,1,0,2.0
0.0,0.0,0.0,1.0,2769,190.0,360.0,1.0,0.0,4311.0,0.04407330085826954,0.0,8.368925174747135,0,0,1.0
0.0,1.0,0.0,0.0,2309,125.0,360.0,0.0,0.0,3564.0,0.035072951739618406,0.0,8.1786387885907,1,0,2.0
0.0,1.0,0.0,0.0,1958,60.0,300.0,1.0,1.0,3414.0,0.01757469244288225,0.0,8.135639903354386,0,1,2.0
0.0,1.0,1.0,0.0,3948,149.0,360.0,0.0,1.0,5681.0,0.02622777679985918,0.0,8.644882552557126,1,0,0.0
0.0,1.0,1.0,0.0,2483,90.0,180.0,0.0,1.0,4949.0,0.018185492018589614,0.0,8.506940814951886,1,0,0.0
0.0,0.0,1.0,1.0,7085,84.0,360.0,1.0,1.0,7085.0,0.011856033874382499,1.0,8.865735152124781,0,0,0.0
0.0,1.0,1.0,0.0,3859,96.0,360.0,1.0,1.0,3859.0,0.024876911116869654,0.0,8.258163361537619,0,0,2.0
0.0,1.0,1.0,0.0,4301,118.0,360.0,1.0,1.0,4301.0,0.027435480120902116,0.0,8.366602832783736,0,1,0.0
0.0,1.0,1.0,0.0,3708,173.0,360.0,1.0,1.0,6277.0,0.027560936753226063,0.0,8.744647438317532,0,1,0.0
0.0,0.0,1.0,0.0,4354,136.0,360.0,1.0,0.0,4354.0,0.03123564538355535,0.0,8.378850241794492,1,0,2.0
0.0,1.0,1.0,0.0,8334,160.0,360.0,1.0,1.0,8334.0,0.01919846412287017,0.0,9.0280988119824,0,0,0.0
0.0,1.0,1.0,1.0,2083,160.0,360.0,1.0,1.0,6166.0,0.025948751216347713,1.0,8.726805608446096,0,0,0.0
0.0,1.0,1.0,0.0,7740,128.0,180.0,1.0,1.0,7740.0,0.016537467700258397,0.0,8.954156966583772,0,1,3.2
0.0,1.0,1.0,0.0,3015,153.0,360.0,1.0,1.0,5203.0,0.02940611185854315,0.0,8.556990661290303,1,0,0.0
1.0,0.0,0.0,0.0,5191,132.0,360.0,1.0,1.0,5191.0,0.025428626468888462,0.0,8.55468163582723,0,0,1.0
0.0,0.0,1.0,0.0,4166,98.0,360.0,0.0,0.0,4166.0,0.023523763802208355,0.0,8.334711621820917,0,0,0.0
0.0,0.0,1.0,0.0,6000,140.0,360.0,1.0,1.0,6000.0,0.023333333333333334,0.0,8.699514748210191,1,0,0.0
0.0,1.0,0.0,0.0,2947,70.0,180.0,0.0,1.0,4611.0,0.015181088700932552,0.0,8.436200032206706,0,1,3.2
0.0,1.0,1.0,0.0,16692,110.0,360.0,1.0,1.0,16692.0,0.006589983225497244,0.0,9.722684841711443,0,0,0.0
1.0,1.0,0.0,0.0,210,98.0,360.0,1.0,0.0,3127.0,0.03133994243684042,0.0,8.047829357457841,0,0,2.0
0.0,1.0,1.0,0.0,4333,110.0,360.0,1.0,1.0,6784.0,0.016214622641509434,0.0,8.822322177471738,0,1,0.0
0.0,1.0,1.0,1.0,3450,162.0,360.0,1.0,1.0,5529.0,0.02930005425935974,1.0,8.617762246337932,0,0,1.0
0.0,1.0,0.0,0.0,2653,113.0,180.0,0.0,0.0,4153.0,0.027209246327955693,0.0,8.331586243630754,1,0,1.0
0.0,1.0,1.0,0.0,4691,100.0,360.0,1.0,1.0,4691.0,0.021317416329140908,0.0,8.453401058328458,0,0,3.2
1.0,0.0,1.0,1.0,2500,93.0,360.0,1.0,0.0,2500.0,0.0372,1.0,7.824046010856292,0,1,0.0
0.0,0.0,1.0,0.0,5532,162.0,360.0,1.0,1.0,10180.0,0.015913555992141455,0.0,9.228180290104513,1,0,2.0
0.0,1.0,1.0,1.0,16525,150.0,360.0,1.0,1.0,17539.0,0.008552369006214722,1.0,9.772182251758139,1,0,2.0
0.0,1.0,1.0,0.0,6700,230.0,300.0,1.0,1.0,8450.0,0.027218934911242602,0.0,9.041921720351219,0,0,2.0
0.0,1.0,1.0,0.0,2873,132.0,360.0,0.0,0.0,4745.0,0.027818756585879872,0.0,8.464846711044029,0,0,2.0
0.0,1.0,1.0,1.0,16667,86.0,360.0,1.0,1.0,18917.0,0.004546175397790347,1.0,9.847816267665664,0,0,1.0
0.0,1.0,1.0,0.0,2947,146.41216216216216,360.0,1.0,0.0,4550.0,0.032178497178497176,0.0,8.422882511944996,0,1,2.0
1.0,0.0,0.0,0.0,4350,154.0,360.0,1.0,0.0,4350.0,0.035402298850574714,0.0,8.37793112408273,1,0,0.0
0.0,1.0,0.0,0.0,3095,113.0,360.0,1.0,0.0,3095.0,0.03651050080775444,0.0,8.037543185118697,1,0,3.2
0.0,1.0,1.0,0.0,2083,128.0,360.0,1.0,1.0,5233.0,0.024460156697878845,0.0,8.562740006372207,0,0,0.0
0.0,1.0,1.0,0.0,10833,234.0,360.0,1.0,1.0,10833.0,0.02160066463583495,0.0,9.290352309945568,0,0,0.0
0.0,1.0,1.0,0.0,8333,246.0,360.0,1.0,1.0,8333.0,0.029521180847233888,0.0,9.027978814382207,0,0,2.0
0.0,1.0,0.0,0.0,1958,131.0,360.0,1.0,0.0,4394.0,0.029813381884387802,0.0,8.387995252944556,1,0,1.0
0.0,0.0,1.0,0.0,3547,80.0,360.0,0.0,1.0,3547.0,0.02255427121511136,0.0,8.173857454773621,1,0,2.0
0.0,1.0,1.0,0.0,18333,500.0,360.0,1.0,1.0,18333.0,0.02727322314951181,0.0,9.816457993563025,0,1,1.0
0.0,1.0,1.0,1.0,4583,160.0,360.0,1.0,1.0,6666.0,0.024002400240024,1.0,8.804775258867686,0,0,2.0
0.0,0.0,1.0,0.0,2435,75.0,360.0,1.0,0.0,2435.0,0.030800821355236138,0.0,7.79770203551669,0,1,0.0
0.0,0.0,0.0,0.0,2699,96.0,360.0,1.0,1.0,5484.0,0.0175054704595186,0.0,8.609590040682205,0,0,0.0
0.0,1.0,0.0,0.0,5333,186.0,360.0,1.0,0.0,6464.0,0.028774752475247526,0.0,8.774003600200931,0,1,1.0
0.0,0.0,0.0,0.0,3691,110.0,360.0,1.0,0.0,3691.0,0.029802221620157138,0.0,8.213652703029998,1,0,0.0
1.0,0.0,0.0,1.0,17263,225.0,360.0,1.0,1.0,17263.0,0.013033655795632277,0.0,9.756320761816548,0,0,0.0
0.0,1.0,1.0,0.0,3597,119.0,360.0,0.0,1.0,5754.0,0.02068126520681265,0.0,8.657650544111494,1,0,0.0
1.0,1.0,1.0,0.0,3326,105.0,84.0,1.0,1.0,4239.0,0.024769992922859165,0.0,8.352082671352637,0,0,1.0
0.0,1.0,0.0,0.0,2600,107.0,360.0,1.0,1.0,4300.0,0.02488372093023256,0.0,8.366370301681654,1,0,0.0
0.0,1.0,1.0,0.0,4625,111.0,12.0,1.0,1.0,7482.0,0.01483560545308741,0.0,8.920255414908091,0,1,0.0
0.0,1.0,1.0,1.0,2895,95.0,360.0,1.0,0.0,2895.0,0.03281519861830743,1.0,7.970740390007095,0,0,1.0
0.0,0.0,1.0,0.0,6283,209.0,360.0,0.0,1.0,10699.0,0.019534535937938125,0.0,9.277905558138606,1,0,0.0
1.0,0.0,1.0,0.0,645,113.0,480.0,1.0,0.0,4328.0,0.0261090573012939,0.0,8.372860820526318,1,0,0.0
1.0,0.0,1.0,0.0,3159,100.0,360.0,1.0,0.0,3159.0,0.03165558721114277,0.0,8.058010800802085,0,0,0.0
0.0,1.0,1.0,0.0,4865,208.0,360.0,1.0,1.0,10489.0,0.01983029840785585,0.0,9.258082367961604,0,0,2.0
0.0,1.0,0.0,0.0,4050,138.0,360.0,1.0,1.0,9352.0,0.014756201881950384,0.0,9.143345503151904,1,0,1.0
0.0,1.0,0.0,0.0,3814,124.0,300.0,1.0,1.0,5297.0,0.0234094770624882,0.0,8.574895901544526,0,0,0.0
0.0,1.0,1.0,0.0,3510,243.0,360.0,1.0,1.0,7926.0,0.030658591975775928,0.0,8.97790377375038,1,0,2.0
0.0,1.0,1.0,0.0,20833,480.0,360.0,1.0,1.0,27500.0,0.017454545454545455,0.0,10.221941283654663,0,1,0.0
0.0,0.0,1.0,0.0,3583,96.0,360.0,1.0,0.0,3583.0,0.026793190064192018,0.0,8.183955717304954,0,1,0.0
0.0,1.0,1.0,1.0,2479,188.0,360.0,1.0,0.0,5492.0,0.03423160961398398,1.0,8.61104776688786,0,1,0.0
1.0,0.0,1.0,0.0,13262,40.0,360.0,1.0,1.0,13262.0,0.003016136329362087,0.0,9.492658081928813,0,1,1.0
0.0,0.0,0.0,0.0,3598,100.0,360.0,1.0,1.0,4885.0,0.02047082906857728,0.0,8.493924564476883,1,0,0.0
0.0,1.0,1.0,0.0,6065,250.0,360.0,1.0,1.0,8069.0,0.030982773577890692,0.0,8.995784837848506,0,0,1.0
0.0,1.0,1.0,0.0,3283,148.0,360.0,1.0,1.0,5318.0,0.027830011282437006,0.0,8.578852571802965,0,1,2.0
0.0,1.0,1.0,0.0,2130,70.0,180.0,1.0,1.0,8796.0,0.007958162801273306,0.0,9.082052351674651,0,0,0.0
0.0,0.0,1.0,0.0,5815,311.0,360.0,1.0,1.0,9481.0,0.03280244699926168,0.0,9.15704507491796,1,0,0.0
0.0,1.0,1.0,0.0,3466,150.0,360.0,1.0,1.0,6894.0,0.02175805047867711,0.0,8.83840674707681,1,0,3.2
1.0,1.0,1.0,0.0,2031,113.0,480.0,1.0,0.0,3663.0,0.03084903084903085,0.0,8.206037762778815,0,0,2.0
0.0,1.0,0.0,0.0,3074,123.0,360.0,0.0,0.0,4874.0,0.025235945835043086,0.0,8.491670234185152,0,0,0.0
0.0,0.0,1.0,0.0,4683,185.0,360.0,1.0,1.0,6598.0,0.02803879963625341,0.0,8.794521851788527,0,0,0.0
1.0,0.0,0.0,0.0,3400,95.0,360.0,1.0,0.0,3400.0,0.027941176470588237,0.0,8.131530710604252,1,0,0.0
0.0,1.0,0.0,0.0,2192,45.0,360.0,1.0,1.0,3934.0,0.011438739196746314,0.0,8.277411998949004,0,0,2.0
0.0,0.0,1.0,0.0,2500,55.0,360.0,1.0,0.0,2500.0,0.022,0.0,7.824046010856292,0,0,0.0
0.0,1.0,1.0,1.0,5677,100.0,360.0,1.0,1.0,7101.0,0.01408252358822701,1.0,8.867990898182093,1,0,3.2
0.0,1.0,1.0,1.0,7948,480.0,360.0,1.0,1.0,15114.0,0.031758634378721715,1.0,9.623376745580666,1,0,2.0
0.0,0.0,1.0,0.0,4680,146.41216216216216,360.0,1.0,1.0,6767.0,0.021636199521525366,0.0,8.819813136232225,0,0,0.0
0.0,1.0,1.0,1.0,17500,400.0,360.0,1.0,1.0,17500.0,0.022857142857142857,1.0,9.769956159911606,1,0,2.0
0.0,1.0,1.0,0.0,3775,110.0,360.0,1.0,0.0,3775.0,0.02913907284768212,0.0,8.236155661683124,0,0,0.0
0.0,1.0,0.0,0.0,5285,161.0,360.0,0.0,0.0,6715.0,0.023976172747580043,0.0,8.812099108957337,0,0,1.0
0.0,0.0,0.0,0.0,2679,94.0,360.0,1.0,0.0,3981.0,0.02361215774930922,0.0,8.289288323000317,0,0,1.0
0.0,0.0,0.0,0.0,6783,130.0,360.0,1.0,1.0,6783.0,0.019165560961226596,0.0,8.82217476094608,0,0,0.0
0.0,1.0,1.0,0.0,1025,216.0,360.0,1.0,0.0,6525.0,0.03310344827586207,0.0,8.783396232190894,1,0,0.0
0.0,1.0,1.0,0.0,4281,100.0,360.0,1.0,1.0,4281.0,0.023359028264424198,0.0,8.361941906144946,0,1,3.2
0.0,0.0,1.0,0.0,3588,110.0,360.0,0.0,0.0,3588.0,0.030657748049052396,0.0,8.185350223178686,1,0,2.0
0.0,0.0,1.0,0.0,11250,196.0,360.0,1.0,1.0,11250.0,0.01742222222222222,0.0,9.328123407632566,0,0,1.0
1.0,0.0,0.0,1.0,18165,125.0,360.0,1.0,1.0,18165.0,0.006881365262868153,0.0,9.807251944655302,0,1,0.0
0.0,0.0,0.0,0.0,2550,126.0,360.0,1.0,1.0,4592.0,0.027439024390243903,0.0,8.432070937999402,1,0,0.0
0.0,1.0,1.0,0.0,6133,324.0,360.0,1.0,1.0,10039.0,0.03227413088953083,0.0,9.214232786691527,0,1,0.0
0.0,0.0,1.0,0.0,3617,107.0,360.0,1.0,0.0,3617.0,0.029582526956040918,0.0,8.193400231952097,0,0,2.0
0.0,1.0,0.0,0.0,2917,66.0,360.0,1.0,1.0,3453.0,0.019113814074717638,0.0,8.146998697389993,1,0,0.0
0.0,1.0,1.0,0.0,6417,157.0,180.0,1.0,1.0,6417.0,0.02446626149290946,0.0,8.766705997750515,1,0,3.2
1.0,1.0,1.0,0.0,4608,140.0,180.0,1.0,1.0,7453.0,0.018784382128002146,0.0,8.916371914881694,0,0,1.0
1.0,0.0,1.0,0.0,2138,99.0,360.0,0.0,0.0,2138.0,0.04630495790458372,0.0,7.6676260915849905,0,0,0.0
1.0,0.0,1.0,0.0,3652,95.0,360.0,1.0,0.0,3652.0,0.026013143483023003,0.0,8.20303024171486,0,0,1.0
0.0,1.0,0.0,0.0,2239,128.0,360.0,1.0,0.0,4763.0,0.026873819021625025,0.0,8.46863300080086,0,1,1.0
1.0,1.0,0.0,0.0,3017,102.0,360.0,1.0,0.0,3680.0,0.027717391304347826,0.0,8.210668031162976,0,0,0.0
0.0,1.0,1.0,0.0,2768,155.0,360.0,1.0,0.0,4718.0,0.03285290377278508,0.0,8.45914025996762,1,0,0.0
0.0,0.0,0.0,0.0,3358,80.0,36.0,1.0,0.0,3358.0,0.023823704586063133,0.0,8.119100837637486,0,0,0.0
0.0,0.0,1.0,0.0,2526,145.0,360.0,1.0,0.0,4309.0,0.03365049895567417,0.0,8.368461137615839,1,0,0.0
1.0,0.0,1.0,0.0,5000,103.0,360.0,0.0,1.0,5000.0,0.0206,0.0,8.517193191416238,0,0,0.0
0.0,1.0,1.0,0.0,2785,110.0,360.0,1.0,1.0,4801.0,0.022911893355550928,0.0,8.476579508530941,1,0,0.0
0.0,1.0,1.0,1.0,6633,146.41216216216216,360.0,0.0,1.0,6633.0,0.022073294461354163,1.0,8.799812469525556,1,0,2.0
0.0,1.0,0.0,0.0,2492,146.41216216216216,360.0,1.0,0.0,4867.0,0.030082630401101738,0.0,8.490233009833455,1,0,1.0
0.0,1.0,1.0,0.0,3333,158.0,360.0,1.0,1.0,6583.0,0.024001215251405136,0.0,8.792245847467877,0,1,1.0
0.0,1.0,0.0,0.0,2454,181.0,360.0,0.0,0.0,4787.0,0.03781073741382912,0.0,8.473659189392508,0,1,0.0
0.0,1.0,1.0,0.0,3593,132.0,180.0,0.0,1.0,7859.0,0.01679603002926581,0.0,8.969414650866176,1,0,0.0
0.0,1.0,1.0,0.0,5468,26.0,360.0,1.0,1.0,6500.0,0.004,0.0,8.779557455883728,0,0,1.0
1.0,0.0,1.0,0.0,2667,84.0,360.0,1.0,1.0,4292.0,0.0195712954333644,0.0,8.36450810375059,0,1,0.0
0.0,1.0,1.0,1.0,10139,260.0,360.0,1.0,1.0,10139.0,0.025643554591182564,1.0,9.22414465295258,0,0,3.2
0.0,1.0,1.0,0.0,3887,162.0,360.0,1.0,1.0,6556.0,0.02471018913971934,0.0,8.78813593986372,0,0,0.0
1.0,1.0,1.0,0.0,4180,182.0,360.0,1.0,1.0,6486.0,0.028060437866173297,0.0,8.777401286867264,0,0,0.0
0.0,1.0,0.0,0.0,3675,108.0,360.0,1.0,0.0,3917.0,0.027572121521572634,0.0,8.27308133366583,0,0,2.0
1.0,1.0,1.0,1.0,19484,600.0,360.0,1.0,1.0,19484.0,0.03079449804968179,1.0,9.877348894926433,0,0,1.0
0.0,1.0,1.0,0.0,5923,211.0,360.0,1.0,1.0,7977.0,0.02645104675943337,0.0,8.984317679911129,1,0,0.0
0.0,0.0,0.0,1.0,5800,132.0,360.0,1.0,1.0,5800.0,0.022758620689655173,0.0,8.66561319653451,0,0,0.0
0.0,1.0,1.0,0.0,8799,258.0,360.0,0.0,1.0,8799.0,0.029321513808387316,0.0,9.08239335764556,0,1,2.0
0.0,1.0,0.0,0.0,4467,120.0,360.0,1.0,0.0,4467.0,0.026863666890530557,0.0,8.404472321352118,1,0,0.0
0.0,0.0,1.0,0.0,3333,70.0,360.0,1.0,1.0,3333.0,0.021002100210021003,0.0,8.11162807830774,0,1,0.0
0.0,1.0,1.0,0.0,3400,123.0,360.0,0.0,1.0,5900.0,0.020847457627118645,0.0,8.68270762989381,1,0,3.2
1.0,0.0,1.0,0.0,2378,9.0,360.0,1.0,1.0,2378.0,0.0037846930193439865,0.0,7.774015077250727,0,1,0.0
0.0,1.0,1.0,0.0,3166,104.0,360.0,0.0,1.0,5230.0,0.01988527724665392,0.0,8.56216655705897,0,1,0.0
0.0,1.0,1.0,0.0,3417,186.0,360.0,1.0,0.0,5167.0,0.035997677569189084,0.0,8.550047528287184,0,1,1.0
0.0,1.0,1.0,0.0,5116,165.0,360.0,0.0,1.0,6567.0,0.02512562814070352,0.0,8.789812386190972,0,1,0.0
0.0,1.0,1.0,0.0,16666,275.0,360.0,1.0,1.0,16666.0,0.016500660026401055,0.0,9.721125994942152,0,1,2.0
0.0,1.0,0.0,0.0,6125,187.0,480.0,1.0,1.0,7750.0,0.024129032258064516,0.0,8.955448122347393,0,0,2.0
0.0,1.0,1.0,0.0,6406,150.0,360.0,1.0,1.0,6406.0,0.023415547923821417,0.0,8.764990330169104,0,0,3.2
0.0,1.0,1.0,0.0,3159,108.0,84.0,1.0,0.0,3620.0,0.02983425414364641,0.0,8.194229304819817,0,1,2.0
0.0,1.0,1.0,0.0,3087,136.0,360.0,0.0,0.0,5297.0,0.02567491032659996,0.0,8.574895901544526,0,0,0.0
0.0,0.0,1.0,0.0,3229,110.0,360.0,1.0,1.0,5968.0,0.018431635388739945,0.0,8.694167141883597,0,1,0.0
0.0,1.0,1.0,0.0,1782,107.0,360.0,1.0,1.0,4014.0,0.02665670154459392,0.0,8.297543529356284,1,0,1.0
0.0,0.0,1.0,0.0,3182,161.0,360.0,1.0,1.0,6099.0,0.026397770126250206,0.0,8.715880102296456,0,1,0.0
0.0,1.0,1.0,0.0,6540,205.0,360.0,1.0,0.0,6540.0,0.03134556574923547,0.0,8.785692444451245,0,0,2.0
0.0,0.0,1.0,0.0,1836,90.0,360.0,1.0,1.0,35673.0,0.0025229164914641325,0.0,10.482149379105689,0,1,0.0
1.0,1.0,1.0,0.0,3166,36.0,360.0,1.0,1.0,3166.0,0.011370814908401769,0.0,8.060224240440958,0,0,0.0
0.0,1.0,1.0,0.0,1880,61.0,360.0,1.0,0.0,1880.0,0.032446808510638296,0.0,7.539027055823995,1,0,1.0
0.0,1.0,1.0,0.0,2787,146.0,360.0,0.0,0.0,4704.0,0.031037414965986394,0.0,8.456168489578463,1,0,1.0
0.0,1.0,1.0,0.0,4283,172.0,84.0,1.0,1.0,7283.0,0.02361664149388988,0.0,8.893298144217916,1,0,1.0
0.0,1.0,1.0,0.0,2297,104.0,360.0,1.0,1.0,3819.0,0.027232259753862266,0.0,8.247743887225516,0,1,0.0
1.0,0.0,0.0,0.0,2165,70.0,360.0,1.0,0.0,2165.0,0.03233256351039261,0.0,7.68017564043659,0,0,0.0
0.0,0.0,1.0,0.0,4750,94.0,360.0,1.0,1.0,4750.0,0.019789473684210527,0.0,8.465899897028686,0,0,0.0
0.0,1.0,1.0,1.0,2726,106.0,360.0,0.0,0.0,2726.0,0.03888481291269259,1.0,7.9105906122564775,0,0,2.0
0.0,1.0,1.0,0.0,3000,56.0,180.0,1.0,1.0,6416.0,0.008728179551122194,0.0,8.766550149546351,0,0,0.0
0.0,1.0,1.0,1.0,6000,205.0,240.0,1.0,0.0,6000.0,0.034166666666666665,1.0,8.699514748210191,0,0,2.0
0.0,0.0,1.0,1.0,9357,292.0,360.0,1.0,0.0,9357.0,0.031206583306615368,1.0,9.143880005275912,0,0,3.2
0.0,1.0,1.0,0.0,3859,142.0,180.0,1.0,1.0,7159.0,0.019835172510127112,0.0,8.876125585396185,1,0,0.0
0.0,1.0,1.0,1.0,16120,260.0,360.0,1.0,1.0,16120.0,0.016129032258064516,1.0,9.68781601606062,0,1,0.0
0.0,0.0,0.0,0.0,3833,110.0,360.0,1.0,0.0,3833.0,0.02869814766501435,0.0,8.251403065380556,1,0,0.0
0.0,1.0,0.0,1.0,6383,187.0,360.0,1.0,1.0,7383.0,0.025328457266693756,0.0,8.906935339059165,1,0,2.0
0.0,0.0,1.0,0.0,2987,88.0,360.0,0.0,0.0,2987.0,0.02946099765651155,0.0,8.00202481821611,0,0,0.0
0.0,1.0,1.0,1.0,9963,180.0,360.0,1.0,1.0,9963.0,0.018066847335140017,1.0,9.206633510044856,1,0,0.0
0.0,1.0,1.0,0.0,5780,192.0,360.0,1.0,0.0,5780.0,0.03321799307958478,0.0,8.662158961666423,0,1,2.0
1.0,0.0,1.0,0.0,416,350.0,180.0,1.0,1.0,42083.0,0.00831689755958463,0.0,10.647399137646048,0,1,3.2
0.0,1.0,0.0,0.0,2894,155.0,360.0,1.0,0.0,5686.0,0.027259936686598662,0.0,8.645762292210945,1,0,0.0
0.0,1.0,1.0,0.0,5703,128.0,360.0,1.0,1.0,5703.0,0.02244432754690514,0.0,8.648747631156539,0,1,3.2
0.0,0.0,1.0,0.0,3676,172.0,360.0,1.0,1.0,7977.0,0.021561990723329573,0.0,8.984317679911129,1,0,0.0
1.0,1.0,1.0,0.0,12000,496.0,360.0,1.0,0.0,12000.0,0.04133333333333333,0.0,9.392661928770137,0,0,1.0
0.0,1.0,0.0,0.0,2400,146.41216216216216,180.0,1.0,1.0,6200.0,0.023614864864864863,0.0,8.732304571033183,0,1,0.0
0.0,1.0,1.0,0.0,3400,173.0,360.0,1.0,1.0,5900.0,0.029322033898305084,0.0,8.68270762989381,0,0,1.0
0.0,1.0,0.0,0.0,3987,157.0,360.0,1.0,0.0,5398.0,0.029084846239347907,0.0,8.59378379357795,1,0,2.0
0.0,1.0,1.0,0.0,3232,108.0,360.0,1.0,1.0,5182.0,0.020841373986877652,0.0,8.552946361122055,1,0,0.0
1.0,0.0,1.0,0.0,2900,71.0,360.0,1.0,1.0,2900.0,0.024482758620689656,0.0,7.9724660159745655,1,0,0.0
0.0,1.0,1.0,0.0,4106,40.0,180.0,1.0,1.0,4106.0,0.00974184120798831,0.0,8.32020459757888,1,0,3.2
0.0,1.0,1.0,0.0,8072,253.0,360.0,1.0,1.0,8312.0,0.030437921077959576,0.0,9.025455532779063,0,1,1.0
0.0,1.0,1.0,0.0,7583,187.0,360.0,1.0,1.0,7583.0,0.024660424634049848,0.0,8.933664178700935,0,1,2.0
1.0,0.0,1.0,1.0,4583,133.0,360.0,0.0,0.0,4583.0,0.02902029238490072,1.0,8.430109084509125,0,0,0.0
